reviewId,userName,userImage,content,score,thumbsUpCount,reviewCreatedVersion,at,replyContent,repliedAt,appVersion
b9a3f01f-3fd5-4bc1-acdc-9bdcb8304354,Conrad Taylor,https://play-lh.googleusercontent.com/a/ACg8ocIdrRiSqQDcNlPMtLFbtlC9osKgxwsF4jC-uX-LwYFe=mo,80% or more profiles are fake.,2,0,15.3.0,2024-03-15 00:29:19,"Sorry to hear you‚Äôre having a negative experience with Tinder. We appreciate you taking the time to reach out to us, so thank you for sharing your feedback.",2024-03-15 07:00:17,15.3.0
90e02bb2-f9e5-4d12-9fb1-5fd8d9703a7d,Soh Kun,https://play-lh.googleusercontent.com/a-/ALV-UjV2OSiOdmCrubSFOeoMlP1mhz7Kd6cgs862bCEcHstloVs,"Trick people purchase tinder gold, say trial for 1. for month .. in the end charge $8.73 immediately to banks account.. without any notification or reminder..this platform is another scamüëéüèª Already flagged as inappropriate appüëéüèª",1,0,15.3.0,2024-03-15 00:25:10,Thanks for sharing this. We‚Äôre sorry to hear about your experience on Tinder. We value our member‚Äôs experience and we take reports of this nature seriously. Please reach out to gotinder.com/help to report this incident to our team and we‚Äôll be in touch.,2024-03-15 00:57:51,15.3.0
1ea01647-d517-456f-bbf5-868a9c829693,Jarrod Hayes,https://play-lh.googleusercontent.com/a/ACg8ocJqFH5yke881mBqEP2MEImrXyoIZkuAaCVHeaE7JRtT=mo,"use BUMBLE instead I went to download tinder after becoming single again and my account was banned. Requested reasoning and help sorting out the issue but not a single person could help because I could not sign into my account (which I didn't have) for ""privacy"". I believe the help team are lazy and have no idea what they are doing. even after their response to this they have not replied to my email and if I could give negative I would.",1,1,,2024-03-15 00:19:28,"Thank you for your comment. We're sorry you didn't enjoy your experience on Tinder. Your feedback is important to us, and we appreciate you taking the time to share your thoughts.",2024-03-15 07:00:15,
5fca3420-2167-4246-a819-0bfc5fb3dd41,Aniket pant,https://play-lh.googleusercontent.com/a-/ALV-UjVMvdi6ZU5YAos0spb1DtICir_Gx1lel5_5PJIA3iu5hg,Why do I have to verify my account again n again?Being a trans I might have pictures with makeup on and in dresses but I've uploaded without makeup images too your system is crashed and so bad that you don'teven have a bit sense of findingsimilarities between a same person having two different sexual apperance.you need to update your system and try using manual verification this is the worst app of all I've ever used in my lifethen you'll make ads about sexual spectrum but humiliate onotherhand,1,0,15.3.0,2024-03-15 00:16:00,"Members have to be at least 18 years old to use Tinder. If you‚Äôre experiencing issues while trying to verify your age, please reach out to us at gotinder.com/help so we can help troubleshoot.",2024-03-15 00:57:57,15.3.0
b108d5a9-6dc9-4511-9f60-0beaf6b58142,Michael,https://play-lh.googleusercontent.com/a/ACg8ocLRI62c6zcypxR8pSS3m0pMkLw0YG-5HRhZVWl5I15g=mo,I REALLY WISH YOU GUYS WOULD DEAL WITH ALL THE FAKE PROFILES AND SCAMMERS.,1,0,15.4.0,2024-03-15 00:07:26,"Thanks for sharing your feedback. We want everyone to be their genuine self on Tinder, so it‚Äôs an enjoyable experience for all. You can report any suspicious profile by going to their profile and scrolling down to ‚ÄòReport‚Äô.",2024-03-15 00:57:35,15.4.0
8b90ce8c-5208-480c-a3ee-c1030bfa1400,Jonathan Ficyk,https://play-lh.googleusercontent.com/a/ACg8ocIC_tyvVa6t-yA5KGg5LIcgY3MfIKImNej7w2cxwjBX=mo,"Edit: negative stars. Added another feature behind the pay wall. And it stopped offering me the one secret admirer. //ZERO STARS. Literally withholds people that like you behind a paywall. You could only hit the like button until you are out of likes, then get a notification saying oops you missed a match. Notifications for matches and messages to find it not loading or non-existent. It's a money hungry scam now.",1,1,15.3.0,2024-03-15 00:07:16,"Thank you for sharing this experience with us. We take reports like this very seriously. If you think somebody you're talking to may not be genuine, please report them to us using our contact form: gotinder.com/help.",2024-03-15 00:57:50,15.3.0
8b2eb605-4b1c-430d-982b-c899c96ca5af,BAT,https://play-lh.googleusercontent.com/a-/ALV-UjWA_RKjb4lL7Xov-fZ2Kh4NZMiV5vmGxYnjQSiN_5Zui3c,It's doesn't even let you chat ppl,1,0,,2024-03-15 00:04:15,"Thank you for your comment. We're sorry you didn't enjoy your experience on Tinder. Your feedback is important to us, and we appreciate you taking the time to share your thoughts.",2024-03-15 07:00:17,
93b50e01-e608-42a7-b7ce-92264dcc591e,j t,https://play-lh.googleusercontent.com/a/ACg8ocJ2YIaCVW8irg0xKWBU6TWPCJ4Tjm5kTbvh3__nb6pT=mo,scam,1,0,15.4.0,2024-03-14 23:47:23,,,15.4.0
68f6d873-dda6-4fcf-94d4-fabc620d8624,Maksymilian Magdij,https://play-lh.googleusercontent.com/a-/ALV-UjWqran9UEaDo2eJ8cGgTpkqRdGynw3s1fRIt0nbGrPR728,"I just got banned on my number for no reason 3 days after buying tinder gold and then when I tried to reach out to support they just ""couldn't help me"" (I tried multiple times sadly the customer service sucks)",1,0,,2024-03-14 23:16:45,"We‚Äôre sorry to hear about this. If you need help to resolve your billing issue or you‚Äôd like to request a refund, please let us know at gotinder.com/help and we‚Äôll connect.",2024-03-15 00:57:25,
f23c2169-f780-495b-aea7-565159fed2b7,Donny,https://play-lh.googleusercontent.com/a/ACg8ocIvcJ7k9lbC4mTgSDeqWrHu2GYmz6DI2hSq7gbtqjrb=mo,"Horrible, app wont worke. Even purchased platinum",1,0,15.3.0,2024-03-14 23:08:49,"Thank you for your comment. We're sorry you didn't enjoy your experience on Tinder. Your feedback is important to us, and we appreciate you taking the time to share your thoughts.",2024-03-15 00:57:47,15.3.0
526add40-bb94-48ac-a68b-3ad12bb2577f,Alexandru Noroc,https://play-lh.googleusercontent.com/a-/ALV-UjUVJXpDp8a5zxpb2ygIFpNslEXENI0YRC_4yS_hnxEnA58,The fact that someone can send you like and then never write a word is unpleasant. I think it would be a good idea to punish for that with a temporary ban or something similar. This in turn will make people more aware of how many likes they send and to whom.,4,0,15.3.0,2024-03-14 22:54:47,,,15.3.0
7236dc3b-5b22-4f43-ac7a-b61510dfc5b0,Eren Ceylan,https://play-lh.googleusercontent.com/a/ACg8ocIuKhBkLzXe94mh4NIxOawb9nd24hl6TgkordN8WuNr=mo,awesome,5,0,15.3.0,2024-03-14 22:27:19,,,15.3.0
ba2e9911-c7e6-460a-92d3-e3e79762ad3f,Arjun R sahu,https://play-lh.googleusercontent.com/a-/ALV-UjV_qVYHB2nodhGCFRU0442hxnbfQXiA0xAHt7HgIrGwKg,Fake ppl,1,0,15.3.0,2024-03-14 22:10:57,,,15.3.0
4280d0ed-cc30-4c0c-a0b2-f2cf396f0b64,Noor Wahid,https://play-lh.googleusercontent.com/a-/ALV-UjW371tcLpmTfwOdcEOpmHN0x4oLyXsgmsiWOepuEm5_WWA,Noorwahid kunari,5,0,,2024-03-14 22:05:25,,,
ceec0e2e-4a6f-4dde-b93f-b44defcd2714,Betty Chepkoech,https://play-lh.googleusercontent.com/a/ACg8ocLjzktaYoO-ReTewGbS0iUaF94fnHQZG-HIy9M4tXKB=mo,I don't have experienced here but I'm surching for my soulmate,5,0,15.3.0,2024-03-14 21:58:27,,,15.3.0
c7a47169-30c3-4e77-8fa6-4b85e508e36c,Kristina Polanski,https://play-lh.googleusercontent.com/a/ACg8ocIbJGly2hn2DvDLSSiUV2Xc7xvlQLf_jgvyZwEapACw=mo,"I dislike very much that I cannot translate the description, there's just no option for it. U see that someone likes u but when u get into his profile u cannot translate his description. No way to do it. Disgusting!",3,0,15.3.0,2024-03-14 21:41:55,"Thank you for your comment. We're sorry you didn't enjoy your experience on Tinder. Your feedback is important to us, and we appreciate you taking the time to share your thoughts.",2024-03-15 00:57:46,15.3.0
9d3e5017-e85e-4101-927b-94b783572bd8,ado ort,https://play-lh.googleusercontent.com/a-/ALV-UjWqcMUB17Hi6nx2hG0mSD5E4SY_dxL8I16BHZsRZ0-eWJA,"This is the worst dating application i have seen ever, ever. the first thing I have to say is the intended desire of the tinder company to ensure that they keep users' money. A decent company will say one week for $18.99, and that's that. These thieves On the other, hand say we'll continue charging your car until you cancel. What is more likely to happen is that one will forget to cancel after the first week or the first month, whatever. This is what I call high road thievery. Now, this site",1,1,7.3.1,2024-03-14 21:39:03,"Sorry to hear you feel this way. Here to remind you that you can use Tinder for free, although we also offer paid Premium features for people who want to elevate their Tinder experience. Pricing for Tinder products, as well as the offerings available, may vary based on your location, date, and time of purchase.",2024-03-15 00:57:35,7.3.1
3514b34e-9be6-42a1-9f89-740d01ab0d08,kevin wung,https://play-lh.googleusercontent.com/a/ACg8ocKBzhw0gC5n7XMfQYrgENrP9-HvDayHDtzPaanRjGTp=mo,nice site to meet,5,0,14.11.0,2024-03-14 21:34:22,"Thank you for your amazing feedback! We are delighted to hear that you are enjoying your time on Tinder. If you ever have any questions or need help, feel free to contact us.",2024-03-15 00:57:19,14.11.0
6a451cb1-1860-4af5-8e73-223db251ea2e,Malachy Korpi,https://play-lh.googleusercontent.com/a-/ALV-UjWJEgnnlkP5kqECflActMXpuDbrSfdtZ5CaUTFL0DcWUQWL,I was permanently banned for no reason with no possibility of appeal.,1,0,10.16.0,2024-03-14 21:22:10,"Sorry to hear you‚Äôre having a negative experience with Tinder. We appreciate you taking the time to reach out to us, so thank you for sharing your feedback.",2024-03-15 00:57:38,10.16.0
65242406-b74f-4764-ad6e-c16d5d344e25,Thomas Miller,https://play-lh.googleusercontent.com/a/ACg8ocIIy1VJRP4hsUAcqh5z_9eXwR3BI52__k6J_7Ahxfr0=mo,I was banned for breaking the ToS but they never told me how I broke it. Just kept saying I was banned. I had also paid for membership that I was not refunded.,1,0,13.17.0,2024-03-14 20:48:29,"We‚Äôre sorry to hear about this. If you need help to resolve your billing issue or you‚Äôd like to request a refund, please let us know at gotinder.com/help and we‚Äôll connect.",2024-03-14 21:56:14,13.17.0
b8762560-77d2-42ba-9383-c478ddfca761,jacob goro,https://play-lh.googleusercontent.com/a/ACg8ocJVatD5t7EoGqF8b6x97z73tIfWTWo4KcBkQJnTGWhg=mo,good,5,0,15.4.0,2024-03-14 20:47:36,,,15.4.0
132b1fef-783d-42c3-a67e-0af862246c8a,Whoth Fvckis,https://play-lh.googleusercontent.com/a/ACg8ocL1vRRVTfY_3ngZI32Pn07-uxSgjXT3bw0B7zXNypDa=mo,soft,5,0,15.3.0,2024-03-14 20:36:50,,,15.3.0
92caf0ae-3396-4817-a4fd-f9e3ada84ba5,Michael Scott,https://play-lh.googleusercontent.com/a/ACg8ocJfg9Av2uB7OPgBIL1vB8HJvb00qgLbRphEH03pRahK=mo,Far too many matches with people thousands of miles away. I live in UK I don't want to see people from Kenya!,2,0,15.3.0,2024-03-14 20:30:56,"Sorry to hear you‚Äôre having a negative experience with Tinder. We appreciate you taking the time to reach out to us, so thank you for sharing your feedback.",2024-03-14 21:56:32,15.3.0
cfec8ccb-77e5-4e83-9573-9869d96d119a,Casey Stubbs,https://play-lh.googleusercontent.com/a-/ALV-UjW6FC8Zy81y4PxpGG7IS_DbK_Ak20eho3d11MNNalMFIA,such a good app!,1,0,15.3.0,2024-03-14 20:28:01,,,15.3.0
24bf4ae7-78cd-4157-8d1f-137e8d7aa3f4,Aalik Ahmad,https://play-lh.googleusercontent.com/a-/ALV-UjWZ1qepYMn86HSa396zhuoiSlZQMuBIiqjLu_H1Svtdi3Bn,ü•∞‚ù§Ô∏è,4,0,15.3.0,2024-03-14 20:27:39,,,15.3.0
8fff47ac-ea95-4f7b-9fed-4aa6d6b5463c,Salama Lauzi,https://play-lh.googleusercontent.com/a/ACg8ocJRNaUu-1NnuepFmbMbs0tlbYbKVEib3F1xUrFczZBn=mo,Not active to me,1,0,,2024-03-14 20:15:02,"Thank you for your comment. We're sorry you didn't enjoy your experience on Tinder. Your feedback is important to us, and we appreciate you taking the time to share your thoughts.",2024-03-14 21:56:31,
9f6809d8-0cec-4cfa-8aec-cfbc54e981d0,David Guy,https://play-lh.googleusercontent.com/a-/ALV-UjWUBOBgr2CeZj-23efbqMsFk-5xU5LCtaMI8L0l6LdOqqI,don't waste your money and time,1,0,15.3.0,2024-03-14 20:09:49,"Thank you for your comment. We're sorry you didn't enjoy your experience on Tinder. Your feedback is important to us, and we appreciate you taking the time to share your thoughts.",2024-03-14 21:56:29,15.3.0
c4ce8883-ad71-4099-996d-a2f755328e6f,Cyril Mercida,https://play-lh.googleusercontent.com/a/ACg8ocItUn8Rkepw9nCX7SNOOJA9pIfLGF6l_c7ik9eJsn1r=mo,I would like to delete but it appeared failed,1,0,,2024-03-14 20:09:03,"Thank you for your comment. We're sorry you didn't enjoy your experience on Tinder. Your feedback is important to us, and we appreciate you taking the time to share your thoughts.",2024-03-15 20:14:40,
44d3d21e-be1f-4d31-b1ab-3a3ad5d83f99,karun sabu,https://play-lh.googleusercontent.com/a-/ALV-UjVCXLP0CVnnb1fRXIeVL7GjJwgwnvPrG3iJMA7IAWP8WPFv,"No genuine accounts,and they are doing nothing to prevent it",1,0,,2024-03-14 20:04:07,"Thank you for your comment. We're sorry you didn't enjoy your experience on Tinder. Your feedback is important to us, and we appreciate you taking the time to share your thoughts.",2024-03-14 21:56:28,
563fb373-cf35-4ff6-badf-9640ae9873ad,Kurt Hood,https://play-lh.googleusercontent.com/a-/ALV-UjU-jVjA3jaWrO7wJKpdLRK6OATiPKt0wlfJfaf-JlhMVg,Don't care if you're a girl or a guy but the fact there's kids on this app means that this isn't the place you should be doing what the app was intended for you to do. It's an uncontrolled unfiltered cesspool and should not be used.,1,0,15.3.0,2024-03-14 19:45:49,"Sorry to hear you‚Äôre having a negative experience with Tinder. We appreciate you taking the time to reach out to us, so thank you for sharing your feedback.",2024-03-14 21:56:27,15.3.0
f265f82e-e48d-48ea-accf-6766c83fc920,Bastian Suresh,https://play-lh.googleusercontent.com/a-/ALV-UjU_VjjM2WgbPxtmbtnzDDZQburu3vUhnYYposk135vMPfBC,"I can't delete my account to get a fresh start, when I try to delete it, it says failed üòî",2,0,,2024-03-14 19:42:58,"We‚Äôre sad to see you go! You can delete your account directly in your Settings. If you‚Äôre experiencing difficulties, please give us a shout at gotinder.com/help and we‚Äôd be happy to help you figure it out.",2024-03-14 20:56:11,
3fabc242-a5c5-46aa-a644-ad3a8c8763a9,mutugi kelvin,https://play-lh.googleusercontent.com/a/ACg8ocLjhJNOVaV75X2LAxufdU4s4jIVTaX-cyI8Y4ZTgT_h=mo,nice,4,0,15.3.0,2024-03-14 19:35:31,"Thank you for your fantastic review! We're thrilled to hear that Tinder is meeting your expectations and providing you with an excellent experience. If you have any suggestions for improvement, we'd love to hear them. Keep enjoying the app!",2024-03-14 21:56:05,15.3.0
6e0680d6-13e4-47ad-aa20-aaaf697f2c6d,L√≠ Ohrns,https://play-lh.googleusercontent.com/a-/ALV-UjWFySzOnCOxt05CNYymv9jz-qJEZ73VNnQ-_2u-UiBmGo-t,Most people are wanting one night stands or are selling things. Lots of ads appear when you swipe and lots of promotions for buying Tinder memberships.,2,0,15.3.0,2024-03-14 19:25:12,"Thank you for your comment. We're sorry you didn't enjoy your experience on Tinder. Your feedback is important to us, and we appreciate you taking the time to share your thoughts.",2024-03-14 21:56:26,15.3.0
c9f5fc02-28e6-441a-9f50-6a578ad9bcdc,Marshall,https://play-lh.googleusercontent.com/a-/ALV-UjUi0otXT9m4EvOh1TCairGc_1H_4DPBW3yCqo-4Jv-Xh2w,I mean it's ok but you should banned older guys asking girls like me for nudes that's not cool,4,0,,2024-03-14 19:13:30,,,
acd44e2f-cc3d-418d-b044-a51b45533436,Skylar Ficklin,https://play-lh.googleusercontent.com/a-/ALV-UjUvr8cNmD-v-HAJ4pgCoEhaqDpkgt4RN3kn_s287BRoj1w,"Horrible experience. Been on the app for quite some time. Was told to pay to get better interactions. Paid $180 or something like that for 6 months. Have not linked up with a single person I tried to, but have received matches with people that I would not have been interested it. Waste of money, waste of time.",1,0,15.3.0,2024-03-14 19:12:05,"At its core, Tinder is free. You can create a profile, match, chat and meet! Subscriptions and other in-app purchases give you access to Premium features, but you can enjoy Tinder without making a purchase.",2024-03-14 21:56:17,15.3.0
36d9f69c-7f24-4ca5-9795-e1165577466d,Avugara Godswill,https://play-lh.googleusercontent.com/a/ACg8ocKko7GGevkpthvTKxakklsbFxCVZ0Vf7OXB8TrF96c-=mo,good,1,0,15.3.0,2024-03-14 18:55:11,,,15.3.0
304a4673-585f-43a1-980d-82d96ed51ba9,Luciana dos Anjos,https://play-lh.googleusercontent.com/a/ACg8ocI9m2L8fT64xruqcD2dbtKhowtwYZizrc4UyRBcxR8D=mo,"I cancelled my subscription on Jan 24 and Tinder continued to charge me the monthly fee for two months after that. I have tried to reach out to their customer support to no avail. Now, I'm waiting for my reimbursement and had to cancel the card so I wouldn't be charged incorrectly a third time.",1,0,,2024-03-14 18:42:27,"We‚Äôre sorry to hear about this. If you need help to resolve your billing issue or you‚Äôd like to request a refund, please let us know at gotinder.com/help and we‚Äôll connect.",2024-03-14 21:56:14,
f98e6b0a-61f5-4c3d-aed0-1da86b403e0b,Chang Lee,https://play-lh.googleusercontent.com/a/ACg8ocIFsvXMfNnJozFsrBCAMHJyqpb_jdiJP4dVAd9nDIi8=mo,Awful waste of precious time.,1,0,,2024-03-14 18:26:29,"Thank you for your comment. We're sorry you didn't enjoy your experience on Tinder. Your feedback is important to us, and we appreciate you taking the time to share your thoughts.",2024-03-14 21:56:24,
415f49ec-7541-46e9-8cf4-a4cd7f3ba77d,Sharrone Nabakooza,https://play-lh.googleusercontent.com/a-/ALV-UjVwDCfx3L3OjjyNhGYKZCXnzitRxO0sPyF1kJwkMMXpdtI,not heading anywhere,1,0,15.1.0,2024-03-14 18:16:29,,,15.1.0
1eb5a191-6bfd-490f-8578-3df06c86abd2,Bobbie Holliday,https://play-lh.googleusercontent.com/a/ACg8ocKfdoSLVW7nLdHkidfIjzIQWhD06eTPIKvqWII3xHlB=mo,"I can't get verified through the photo scan process bc it won't even pull up, all I get is an error page and I've reinstalled the app twice now thinking it was a problem on my end. Very buggy. Not worth the time or effort. I would leave zero stars if possible",1,0,,2024-03-14 18:11:03,"Sorry to hear you‚Äôre having a negative experience with Tinder. We appreciate you taking the time to reach out to us, so thank you for sharing your feedback.",2024-03-14 21:56:19,
b808af7a-755b-42e4-b1df-c84176f8eab6,Ricardo Martinez,https://play-lh.googleusercontent.com/a/ACg8ocIqKN-TlO7P4ejo6mjLyQb0KuEzhOlFycN8MjevpS_S=mo,"They will steal your money, stating you will get a better experience. I decided to give tinder gold a chance and actually have had a worse experience with no matches over one month in comparison to an average of 10 over a month with my free account. Customer service will give you the run around so you have to file bank disputes to try getting anything back. Buyer beware this is a scam taking advantage of people's desires.",1,0,15.4.0,2024-03-14 18:09:12,"Sorry to hear this! Use your profile info and photos to let your true personality shine. You also have the option to let potential matches learn more about you by connecting your Instagram & Spotify accounts to your Tinder profile. Simply tap the profile icon, tap your profile photo and scroll to the Instagram or Spotify section.",2024-03-14 18:34:49,15.4.0
5f9d8c14-1833-4f00-8e78-39604bc097e6,0v3RNiT3,https://play-lh.googleusercontent.com/a-/ALV-UjVtleM0T1F5JlpQiqP6ij3YurIlIEw5OR6BkBcIsShSPis,You can't even see who likes you unless you pay. That was a waste of time,2,0,15.3.0,2024-03-14 18:03:41,"At its core, Tinder is free. You can create a profile, match, chat and meet! Subscriptions and other in-app purchases give you access to Premium features, but you can enjoy Tinder without making a purchase.",2024-03-14 21:56:17,15.3.0
7d6f48d1-b630-4c32-b970-8b1862a76d9e,DJ Z,https://play-lh.googleusercontent.com/a-/ALV-UjVVxlIu84YYRZWbWaAAjfze2OIfvy1yTUHlY0mzZCF6e4Q,"This is a total scam, it's run by people who want your money and nothing else. I would do zero stars cause one star is too good for this app, but thats not possible!",1,0,13.18.2,2024-03-14 17:32:45,"Sorry to hear you‚Äôre having a negative experience with Tinder. We appreciate you taking the time to reach out to us, so thank you for sharing your feedback.",2024-03-14 18:35:14,13.18.2
33baa3b6-aba5-46d0-9661-c73fdf6be4b1,J Barford,https://play-lh.googleusercontent.com/a/ACg8ocIGl_wE2r8woHUieWtfNzhtbMGEoAZaRAyN_zM3uOrf=mo,Unless you want to give me unlimited access for no subscription then I I dout you help service will cater to that as it's clearly a means to earn. Which I would never ask any company to do as it a service but when this app first started and I used it there was not this much financial commitment to just meet new people. I'm still using your app I just don't like the changes/restrictions since being released. I just will be a cheap skate,1,0,15.3.0,2024-03-14 17:28:51,"Thanks for reaching out. Sorry to hear you‚Äôre not satisfied with your purchase. To contact our team and request a refund, you can visit gotinder.com/help and select ‚ÄúHelp with billing or payment‚Äù > ""I want to request a refund‚Äù. We‚Äôll happily look into this for you.",2024-03-15 17:53:37,15.3.0
6764d818-1076-44fd-b53c-79faf3e6cfd3,D Great,https://play-lh.googleusercontent.com/a/ACg8ocIf5_BjLdLAWmdrIz0asxQCs-jWPOZiFAaAISy4Mee9=mo,great app,5,0,15.3.0,2024-03-14 17:23:22,"Thank you for your amazing feedback! We are delighted to hear that you are enjoying your time on Tinder. If you ever have any questions or need help, feel free to contact us.",2024-03-14 18:34:46,15.3.0
f387d276-fe74-4203-84cf-c7c75bcea473,Jareda dhanraj,https://play-lh.googleusercontent.com/a-/ALV-UjWpbk_1UfR-ge89F0lwIGTJQHUKDon33jT1u9kHwl4Ei3k,good app,5,0,15.3.0,2024-03-14 16:52:32,"Thank you for your amazing feedback! We are delighted to hear that you are enjoying your time on Tinder. If you ever have any questions or need help, feel free to contact us.",2024-03-14 18:34:46,15.3.0
4601f2f1-fcf7-4a1c-b48d-95a669734d80,onanuga akeem,https://play-lh.googleusercontent.com/a/ACg8ocLjGOyCWJfhDl06atOIRzUPQ-Tidl_fw7VDxlKndBFw=mo,It's an amazing app,5,0,15.3.0,2024-03-14 16:39:28,"Thank you for your positive feedback! We're glad to hear that you're enjoying our app. If you have any suggestions or need assistance, feel free to reach out to us.",2024-03-14 18:34:38,15.3.0
df0e7f67-28ba-440b-bf72-544eed823ca8,Ali Abdullah,https://play-lh.googleusercontent.com/a/ACg8ocKnCx1Ajr8AKj_2e-pGIFvQV6ojSmPIeh7u2uH28YB6=mo,very good,5,0,,2024-03-14 16:39:05,"Thank you for your positive feedback! We're glad to hear that you're enjoying our app. If you have any suggestions or need assistance, feel free to reach out to us.",2024-03-14 18:34:39,
55a0e6bb-1986-44ad-ad21-23b73df376dd,Andr√©s A. J,https://play-lh.googleusercontent.com/a-/ALV-UjXmsmGH4d2Xn6LjImjgeRuzxVJhf9dkRA6VOlLcDJNW0ds,nice to meet new people,4,0,15.3.0,2024-03-14 16:37:47,"Thank you for your positive feedback! We're glad to hear that you're enjoying our app. If you have any suggestions or need assistance, feel free to reach out to us.",2024-03-14 18:34:40,15.3.0
ba83ac84-725e-42bd-9fb6-84c22ad97f50,Mohamed ‚ÄúMushfiq‚Äù Mushfiq,https://play-lh.googleusercontent.com/a-/ALV-UjUsr4OE-hV93ACkofISFIpsOxsyGUNVnnrJw7cuOQyhDoQ,"No hope in this..+ bonus; of loosing money just to see that a fake person liked (fun fact: he is not even a girl, lol). This app need to make a proper verification system first before tricking and fooling us..",1,0,,2024-03-14 16:30:36,"Sorry to hear that. We agree that this isn‚Äôt a nice experience, but we can assure you that we put a lot of effort into moderating inappropriate behavior. If you come across a suspicious profile, please report it directly on the app by opening their profile and scrolling down to ‚ÄòReport‚Äô.",2024-03-14 17:24:10,
aa30f110-9aa6-4055-8176-1aaa0bff498e,net whit,https://play-lh.googleusercontent.com/a/ACg8ocJnWhJt5-SUKuLd9VfVTHk6BQBgOcSQtbzuSX-vrN_t=mo,I got catfished by an old man like 85 y.r. old,1,0,15.3.0,2024-03-14 16:17:04,"Thank you for your comment. We're sorry you didn't enjoy your experience on Tinder. Your feedback is important to us, and we appreciate you taking the time to share your thoughts.",2024-03-14 18:35:13,15.3.0
6775e8d8-6807-40f2-af43-ea1adab4cb84,Tzunny,https://play-lh.googleusercontent.com/a-/ALV-UjWG7DRsXo0xVwNkJma6m-nZqd3VZDkTtzw2TPdo5BnSxGk,"Every 2nd profile is an assian bot profile, wasted time & money. Full wtih bots, fake accounts!",1,23,15.3.0,2024-03-14 16:09:22,"Sorry to hear that. We agree that this isn‚Äôt a nice experience, but we can assure you that we put a lot of effort into moderating inappropriate behavior. If you come across a suspicious profile, please report it directly on the app by opening their profile and scrolling down to ‚ÄòReport‚Äô.",2024-03-14 17:24:09,15.3.0
e2444537-8255-489c-ae76-b6ae2f8385d3,Elly,https://play-lh.googleusercontent.com/a-/ALV-UjVp9U1zI-WjaIntbw9DWJ33f4XZBvIHX048h2bIhcy1HQ,Damn near unusable unless you buy their second most expensive subscription. Pathetic.,1,0,15.3.0,2024-03-14 16:05:36,"Thank you for your comment. We're sorry you didn't enjoy your experience on Tinder. Your feedback is important to us, and we appreciate you taking the time to share your thoughts.",2024-03-14 18:35:12,15.3.0
9c4ff716-c189-4ff6-a4c7-919f7aadb3fc,mouad rbahi,https://play-lh.googleusercontent.com/a-/ALV-UjWAzgqBlopkUoruecWzU66M8jNLEr0AnFkd6JloUi5YjgE,bad application üò°,1,0,,2024-03-14 15:48:37,"Sorry to hear you‚Äôre having a negative experience with Tinder. We appreciate you taking the time to reach out to us, so thank you for sharing your feedback.",2024-03-14 18:35:10,
dd57dc43-1071-4429-a55d-cb90f3da90a2,Sandeep Onkar,https://play-lh.googleusercontent.com/a/ACg8ocIGbzkm2HprhfG3LTj7ZwUtT-Deq_pOKAyOL8d_0lCj=mo,Fake profiles created by Tinder employees. No response after Hey stranger (first message),1,0,,2024-03-14 15:47:45,"Sorry to hear that. We agree that this isn‚Äôt a nice experience, but we can assure you that we put a lot of effort into moderating inappropriate behavior. If you come across a suspicious profile, please report it directly on the app by opening their profile and scrolling down to ‚ÄòReport‚Äô.",2024-03-14 16:11:13,
1b871d78-e03a-41d8-9028-5ca287128f83,Ritik Rajput,https://play-lh.googleusercontent.com/a/ACg8ocIgRV6YeEFPF1Vb_IAD1d6S5l8DxdQKctyWKXBFpTg-=mo,It's not good,1,0,,2024-03-14 15:44:28,"Thank you for your comment. We're sorry you didn't enjoy your experience on Tinder. Your feedback is important to us, and we appreciate you taking the time to share your thoughts.",2024-03-14 18:35:07,
0be68654-e42d-4ca7-8105-9153129ab116,Jamie Hook,https://play-lh.googleusercontent.com/a/ACg8ocJo_BYov2l4VglWFd9QSDK-M4aEwFIKizsm8j0mTrNu=mo,excellent app,5,0,,2024-03-14 15:44:18,Thank you so much for your amazing review! We are thrilled to hear your feedback. We appreciate your support and hope you continue to have a wonderful experience on Tinder!,2024-03-14 18:34:37,
c391b7ea-9e9b-491b-b4e5-9e529cb41bd2,Shandy Soo,https://play-lh.googleusercontent.com/a/ACg8ocI2Se5nBEudar6A7Uf0yYqtoyNo0lo0_pnQuy6X8yaM=mo,"High chance u meet a scammer on app. The app will also keep prompting u to upgrade and pay for more features. I asked for refund due to bad experiences. It was so called processed and my account was terminated. I paid $49.99 for 6months subscription+$7 for messaging feature. I was only refunded the 7 dollars for one messaging feature. I emailed back twice with receipt number for $49.99 but was informed that it was processed, and no further help will be provided.",1,0,15.3.0,2024-03-14 15:42:00,Thanks for sharing this. We‚Äôre sorry to hear about your experience on Tinder. We value our member‚Äôs experience and we take reports of this nature seriously. Please reach out to gotinder.com/help to report this incident to our team and we‚Äôll be in touch.,2024-03-14 16:11:36,15.3.0
54c16b03-1bc9-48d3-9d53-9079cbe3adb8,RATNADEEP GHOSH,https://play-lh.googleusercontent.com/a-/ALV-UjUQVafNOnkekKsUcrqkEgHNx6mSnuKv7d91iby8TvEduZo,difficult to understand and continually page coming for upgrade.,1,0,15.3.0,2024-03-14 15:21:56,"Thank you for your comment. We're sorry you didn't enjoy your experience on Tinder. Your feedback is important to us, and we appreciate you taking the time to share your thoughts.",2024-03-14 18:35:07,15.3.0
50e01eec-7509-408b-9a29-4bb2c7579380,Jeffrey Tedlock,https://play-lh.googleusercontent.com/a-/ALV-UjWzHv3GrcSwoqUidiTZNgflxPn2Iw_HdBBCpbJP50wsXOY,Gives you minimal access then tries to make you pay for everything.,1,0,15.3.0,2024-03-14 15:13:00,"Sorry to hear you feel this way. Here to remind you that you can use Tinder for free, although we also offer paid Premium features for people who want to elevate their Tinder experience. Pricing for Tinder products, as well as the offerings available, may vary based on your location, date, and time of purchase.",2024-03-14 18:34:57,15.3.0
98412612-76da-4622-85c7-c01de5fc465b,Rose Purple,https://play-lh.googleusercontent.com/a/ACg8ocJc_xHZRA1wlOxhZBhK7yzb4bCEDB2NJExTRpMIy0_E=mo,"Nothing functions. I Received no likes, couldnt send any. No messages, super likes. Nothing!!Didnt received a requested refund because the service I paid for was not given. Its a Ripoff. Deserve zero ‚≠ê",1,0,15.3.0,2024-03-14 15:07:44,"We‚Äôre sorry to hear about this. If you need help to resolve your billing issue or you‚Äôd like to request a refund, please let us know at gotinder.com/help and we‚Äôll connect.",2024-03-14 18:34:57,15.3.0
40323bb3-ff60-478f-9aa7-365216b11d02,P 154 NG,https://play-lh.googleusercontent.com/a-/ALV-UjV3ncKvKE4gv_NQ4svzaLM14Vpds5Sc4DVFFOrMMXva,Can't filter by race or religion sad,1,0,,2024-03-14 14:47:56,"Thank you for your comment. We're sorry you didn't enjoy your experience on Tinder. Your feedback is important to us, and we appreciate you taking the time to share your thoughts.",2024-03-14 16:11:28,
88de87df-684b-45f3-ae24-6f85a1c00bef,Nasko Videnov,https://play-lh.googleusercontent.com/a/ACg8ocJPnPMqu-Jy3H7h1PDiQA6KUWV8a9t7u3u756XjRg=mo,This App is getting worse...,1,0,15.3.0,2024-03-14 14:07:35,"Thank you for your comment. We're sorry you didn't enjoy your experience on Tinder. Your feedback is important to us, and we appreciate you taking the time to share your thoughts.",2024-03-14 16:11:28,15.3.0
8fe32373-cc5a-42fb-b702-785eca2b1d0a,Ricky Wilson,https://play-lh.googleusercontent.com/a-/ALV-UjXFvrg3xfDlgyQlRFqDLAaHCt9h_1tDth3arKn4aeAxTuAR,You swipe left on the same people every day. That with the fake profiles is exhausting,1,0,15.3.0,2024-03-14 13:53:06,"Sorry to hear that. We agree that this isn‚Äôt a nice experience, but we can assure you that we put a lot of effort into moderating inappropriate behavior. If you come across a suspicious profile, please report it directly on the app by opening their profile and scrolling down to ‚ÄòReport‚Äô.",2024-03-14 14:00:16,15.3.0
d6f65dfa-6b63-4417-8c9c-d310471e8ccd,Theron Bowles,https://play-lh.googleusercontent.com/a-/ALV-UjU-6NUhh6q5rOECPQdSU5nk7iK_NE_7aKrXfH6361aXkxY,The app has several bug issues that make for a frustrating experience. Multiple times the app has deleted my cached data without my consent. Which has resulted in me losing matches or access to messaging menu.,2,0,15.3.0,2024-03-14 13:46:15,"Sorry to hear about this. If you continue to experience issues connecting with others on Tinder, we‚Äôd love to dig deeper into this. Could you reach out to us at gotinder.com/help, so we can help troubleshoot and improve your experience?",2024-03-14 16:11:04,15.3.0
3c7f00bd-f9b8-4cb8-8bb9-e51eefdfcf23,Imran Hasan Laskar,https://play-lh.googleusercontent.com/a-/ALV-UjW1bo5--YZn4Y0zTtfyguIebSC0_vbYyhI3gdBA3NTMkVw,Ekdom Faltu Suda,4,0,15.3.0,2024-03-14 13:42:16,,,15.3.0
93ef83fc-9a0a-45b7-9240-7014625779eb,Tuna Das,https://play-lh.googleusercontent.com/a/ACg8ocLSvaGO_4uzCm8FKI7LBxmEMvqn_AIFlbDbxblS3vgI=mo,Pure swindle.,1,0,,2024-03-14 13:29:01,,,
61b69b34-3e97-40f5-b775-6c9f1c3625e0,Stephanie Umurdhew,https://play-lh.googleusercontent.com/a/ACg8ocKQ7twWJfLFyk4y6BKHSE7YL1DxQGZC-N-DO2vFtqNs=mo,i downloaded after i had a bunch of people sending me whatsapp messages saying they got my number from tinder when prior to this i never even have a tinder account. i urge people to not use such an unsafe app and i will be taking it up legally has im a married woman and this app allows for imposters. pathetic really,1,0,15.3.0,2024-03-14 13:28:11,"Sorry to hear you‚Äôre having a negative experience with Tinder. We appreciate you taking the time to reach out to us, so thank you for sharing your feedback.",2024-03-14 16:11:25,15.3.0
ad53e72e-e82d-424f-8c7c-400700357629,Kayleen Norris,https://play-lh.googleusercontent.com/a-/ALV-UjVgCG4SprOhP6o8HAdSlMpxMcqWt9OwwFU3aG7Ytm70Hw,Good,5,0,15.3.0,2024-03-14 12:52:59,,,15.3.0
39d82112-100c-4250-a83a-0ed552a1a751,Tsuyuki Takachi,https://play-lh.googleusercontent.com/a-/ALV-UjU0xhibILCieHGrnCLxG58qlkYtDuxwO5IJ--CUuhZMLPo,idk,3,0,15.3.0,2024-03-14 12:28:40,,,15.3.0
2d20d7c7-1fa8-4284-950b-36290734bddc,Oratilwe Madonsela,https://play-lh.googleusercontent.com/a/ACg8ocLLtwIol3LytyBre16HkLjxDOed3Tkuhrn4CfXuPI3U=mo,tinder is a great an safe platform to meet your better half,3,0,15.3.0,2024-03-14 12:28:18,,,15.3.0
c1a7e3c5-e4a0-485d-b912-c2e021bff8ec,DayuMM. Tv,https://play-lh.googleusercontent.com/a-/ALV-UjV7cdbWFvaGFuVGUmEBtKrJmY9ZGrZqR2rKTZavb5u6jck,Close this app for good,1,2,11.22.0,2024-03-14 12:24:05,"Thank you for your comment. We're sorry you didn't enjoy your experience on Tinder. Your feedback is important to us, and we appreciate you taking the time to share your thoughts.",2024-03-14 16:11:23,11.22.0
3d28791e-d11e-4251-bb35-7d6d5f46d012,Josh Gluba,https://play-lh.googleusercontent.com/a/ACg8ocK3PTrkuCDdbRdBdBrjd6lWWbFg6uhfW0oyhv_vFStP=mo,to much money,1,0,15.4.0,2024-03-14 12:19:09,"At its core, Tinder is free. You can create a profile, match, chat and meet! Subscriptions and other in-app purchases give you access to Premium features, but you can enjoy Tinder without making a purchase.",2024-03-14 16:11:13,15.4.0
165144b3-ee64-4cdc-a5d3-e218ee18b8e6,houssam satha,https://play-lh.googleusercontent.com/a-/ALV-UjXWTnMjOwvb25FburSraKkC9Ks1ebV3zE8L9iYwAFnCAA,good,5,0,15.3.0,2024-03-14 12:07:35,,,15.3.0
8999a1ac-c96b-4bc2-b51f-36b64ad8f176,James Lazalita,https://play-lh.googleusercontent.com/a/ACg8ocKdDoGQkxj-e9wwZzUq7fwFrkB0N3PrkavGIp-VgCxo=mo,well acurate,5,0,15.3.0,2024-03-14 12:07:23,"Thank you for your positive feedback! We're thrilled to hear that you're enjoying your experience with Tinder. If you have any questions or need assistance, please don't hesitate to reach out to us.",2024-03-14 16:11:03,15.3.0
dc0578db-3785-448d-98a6-6b6a5abbfb2e,Queen Sauri,https://play-lh.googleusercontent.com/a/ACg8ocLR29H9XWRLuxEtRoZDB_5I8_NsnFUQOz609Zk8cLfp=mo,good,4,0,15.3.0,2024-03-14 11:53:27,,,15.3.0
4f762fed-60ea-4a23-a537-6981ed86e856,Senna Verhassel,https://play-lh.googleusercontent.com/a/ACg8ocIl3nbgYMRKyVj1DJGOR2F_mPqb_9ETgwclkqBIUv79=mo,needs free superlikes,5,0,15.3.0,2024-03-14 11:52:30,"Sorry to hear you feel this way. Here to remind you that you can use Tinder for free, although we also offer paid Premium features for people who want to elevate their Tinder experience. Pricing for Tinder products, as well as the offerings available, may vary based on your location, date, and time of purchase.",2024-03-14 12:52:16,15.3.0
58d3e6d2-ecdb-4745-a556-c854fa4aa739,Ernesto Aguilar,https://play-lh.googleusercontent.com/a-/ALV-UjVeWfErGh_DmL_OiUenLcxhW28BXBCOEReZ6mruk9_Ktg,full of bot accounts and solicitors. this is not representative of modern dating,1,0,15.4.0,2024-03-14 11:49:51,"Thanks for sharing your feedback. We want everyone to be their genuine self on Tinder, so it‚Äôs an enjoyable experience for all. You can report any suspicious profile by going to their profile and scrolling down to ‚ÄòReport‚Äô.",2024-03-14 12:52:09,15.4.0
d613e8d3-7f72-40f4-a7ad-9b753f9ee56b,Ahmad,https://play-lh.googleusercontent.com/a/ACg8ocISh2qY50i7zuNzMAb9uVQp49lJ6zub6MVu7gfWYfnL=mo,everyone there is a scammer an influencer wana be or an old fat dude cat fishing getting his jollies off. on top of that the greed to make money and treat peoples safety as a secondary is evident in the subscription prices.,1,0,,2024-03-14 11:42:18,Thanks for sharing this. We‚Äôre sorry to hear about your experience on Tinder. We value our member‚Äôs experience and we take reports of this nature seriously. Please reach out to gotinder.com/help to report this incident to our team and we‚Äôll be in touch.,2024-03-14 11:49:29,
7ca81eb7-0962-49cb-8623-bf7c049f65fa,Mitchell C.,https://play-lh.googleusercontent.com/a/ACg8ocKVSjcyQC7o6ce9mXDhhdLx_KM2nzHPL4itmeUrbfcS=mo,perfect for organising practice girls. saved a lot of money on hotel rooms and grog. manage your expectations. its honestly such a hassle being good looking on there. my acc is always getting reported i guess because they do recycle accs in the stack and betas get jealous? also tonnes of women say they got permabanned for no reason. fetlife is way better. and bumble.,5,0,15.3.0,2024-03-14 11:39:39,"Thank you for your amazing feedback! We are delighted to hear that you are enjoying your time on Tinder. If you ever have any questions or need help, feel free to contact us.",2024-02-26 15:48:32,15.3.0
dd3e7ee4-00c7-4789-9e05-3c4639dfef24,Saurabh kumar Shah,https://play-lh.googleusercontent.com/a-/ALV-UjVkvvR1IK08TZAMbK8FoNlvC_tSAJINPxL4W_d7IB_QKQ,Bakwaas application hain aajtak ek v Sundar ladki reply nahi ki...har jagah payment chahiye isse...koi v chiz free nhi even advertising se kma hi Raha h,1,0,,2024-03-14 11:23:13,,,
6de4b7f7-ee19-4fc9-b5bc-56b6a4534772,Musa Sithole,https://play-lh.googleusercontent.com/a/ACg8ocLVaPgppShskPVMWV5YgsZkfaxdrbqk5aZrsmvTbMN1=mo,Full of fake people,1,1,15.3.0,2024-03-14 11:22:41,"Thanks for sharing your feedback. We want everyone to be their genuine self on Tinder, so it‚Äôs an enjoyable experience for all. You can report any suspicious profile by going to their profile and scrolling down to ‚ÄòReport‚Äô.",2024-03-14 11:49:21,15.3.0
dd3ff7b3-c72f-4be6-98a0-7a31fddf1ed9,Lynder Victoria,https://play-lh.googleusercontent.com/a/ACg8ocInmq0-xYjJVXgNyPOpQ-BFvzpLvFD6G05Gy9jxRudw=mo,Yey,5,0,15.3.0,2024-03-14 11:20:41,,,15.3.0
03897454-69ed-4471-a138-6f159af54ad3,Elisha Firth,https://play-lh.googleusercontent.com/a-/ALV-UjVSZV9uhY-W2CyJXv1crCsgce8OyXuyggJx4_-MoNH6qFo,"Tinder is terrible. You get life banned for absolutely no reason and when you contact customer support for a little clarification on what it is you did wrong and to possibly appeal. You get a generic ""we don't need to tell you, you've just been banned""",1,0,,2024-03-14 11:18:44,,,
65b91f17-73d4-4f35-af1d-cba44c04205f,Nikhil Rawat,https://play-lh.googleusercontent.com/a/ACg8ocKCJM9QbTeQY_OoBP5Q3g8dfBggM4wYXbn5zhZXKs6Q2w=mo,This aap is useless only we can see photos we can only mssg to those who got matched with us only and this can't happen,1,0,,2024-03-14 11:15:59,"Sorry to hear you‚Äôre having a negative experience with Tinder. We appreciate you taking the time to reach out to us, so thank you for sharing your feedback.",2024-03-14 12:52:24,
8e59b89e-0375-4a61-8aa3-7912c9bcd407,Jaimie Norman,https://play-lh.googleusercontent.com/a/ACg8ocIPZqkWgBNhCSNKxybFcxtD3YVJb6bcE99x-2adFcce=mo,"I am banned from Tinder for absolutely no reason whatsoever. Apparently this happens quite often on this app, but only ever to males from what I hear",1,0,,2024-03-14 11:03:57,"Sorry to hear you‚Äôre having a negative experience with Tinder. We appreciate you taking the time to reach out to us, so thank you for sharing your feedback.",2024-03-14 12:52:21,
19938bd4-d9f8-47c3-970e-0b5a00d2cdd2,Pearl Bipin,https://play-lh.googleusercontent.com/a-/ALV-UjUbiahtlag3QAM84pnoYots_GU98CeoAbcWVah3UTWc66qo,It's alright.,5,0,15.1.0,2024-03-14 10:49:46,"Thank you for your fantastic review! We're thrilled to hear that Tinder is meeting your expectations and providing you with an excellent experience. If you have any suggestions for improvement, we'd love to hear them. Keep enjoying the app!",2024-03-14 12:52:01,15.1.0
ffa25961-f08b-44c6-9985-ad5a93c1099f,T M,https://play-lh.googleusercontent.com/a/ACg8ocLp7VobL5IbM7-bxFiNo951aRM8HLghgjXmdMESR3kN=mo,"Unsubbed, still showing I'm using Gold. Deleted all my card info. Still being charged. How am I being charged still after deleting my card info???",1,0,,2024-03-14 10:39:37,"Thank you for your comment. We're sorry you didn't enjoy your experience on Tinder. Your feedback is important to us, and we appreciate you taking the time to share your thoughts.",2024-03-14 12:52:20,
e6014b8a-cbf7-41b0-8618-577dd1a32608,Mira Mahi,https://play-lh.googleusercontent.com/a/ACg8ocLECllEzb8eeKEanvvOEGcNtvnBeBnMqduEhPjAQNkB=mo,osm nice,5,0,15.4.0,2024-03-14 09:46:49,,,15.4.0
f9061cba-a5aa-4de8-9a69-dccce4d59742,Kerala Burger,https://play-lh.googleusercontent.com/a/ACg8ocJA9CYPWfWjm3O7htKEOsy2W7CJ3yFE3029tMSonWYD=mo,"This is very stupid. I charge money into it membership, and then no one chatted with me. I don't know why!! Very angry! Very angry? Liar app! Please help me, I need to chat with others. I am a full year membership.",1,0,15.3.0,2024-03-14 09:11:09,"We‚Äôre sorry to hear about this. If you need help to resolve your billing issue or you‚Äôd like to request a refund, please let us know at gotinder.com/help and we‚Äôll connect.",2024-03-14 12:52:06,15.3.0
995faac3-7808-4780-8147-8df9e3ebe6f1,Aayush Singh,https://play-lh.googleusercontent.com/a/ACg8ocL8_1QSJ6XD6tK7U_XMaS42NKxTM9-hqdgNAui_o5AA=mo,good,5,0,15.3.0,2024-03-14 09:07:59,,,15.3.0
8f5f87e4-85b4-41a1-9efa-0d073cc49d62,Dhruv Dadhich,https://play-lh.googleusercontent.com/a-/ALV-UjVW9zwb0ufscgUs-Um6NYKAI8VFxL8XaeU28tuQQBzQ1sY,Bikmanga app bina paise kam nhi karta aur paise dedo fir bhi nhi karta,1,0,15.3.0,2024-03-14 09:05:11,,,15.3.0
85c839aa-2e62-4610-9e00-6442c1a26475,Lalit yadav,https://play-lh.googleusercontent.com/a-/ALV-UjUGx6E_WzXoVvq_O8WBwpM9T_9TPgEvC4vXSTtATpa41w,Useless app full of un varified users and even company make people fool,1,0,15.3.0,2024-03-14 09:04:18,"Sorry to hear you‚Äôre having a negative experience with Tinder. We appreciate you taking the time to reach out to us, so thank you for sharing your feedback.",2024-03-14 12:52:19,15.3.0
05c3e39e-1991-4575-89ab-cb0c472a7c7a,Benjamin Poudevigne,https://play-lh.googleusercontent.com/a-/ALV-UjUByFuDk5PnkH9oyeKimQlqe3MJUFglEKLzko0Z6vGtQgI,"I understand you're pushing users to buy premium accounts, but come on guys! I've got 99+ likes showing, and it's been two weeks, yet I've only matched 1 girl on the free version. You seriously need to balance things out better, otherwise, what's the point of having a free app at all?",1,0,15.3.0,2024-03-14 08:44:38,"Sorry to hear you feel this way. Here to remind you that you can use Tinder for free, although we also offer paid Premium features for people who want to elevate their Tinder experience. Pricing for Tinder products, as well as the offerings available, may vary based on your location, date, and time of purchase.",2024-03-14 09:49:03,15.3.0
a66dd575-443b-4f10-99e7-9613733ad666,I AM,https://play-lh.googleusercontent.com/a-/ALV-UjVNE5L0HAQ3Xia1eEmFs21VaiHArTsMnUv8auZ1f19vmfI,thank you,5,0,15.3.0,2024-03-14 08:27:58,,,15.3.0
52e4322a-1fea-4586-a0b7-d75e8cdfa1bd,Shadow Blane,https://play-lh.googleusercontent.com/a-/ALV-UjUKvnQb7kboWOldBrBRlovSWj_d-YnWjRy7HaKHAlbdIRs,"Lots of bots and escorts on here. Dont post ur social media @'s, bots will spam them. Other than that, not a bad app.",4,0,15.3.0,2024-03-14 08:16:49,"Thanks for sharing your feedback. We want everyone to be their genuine self on Tinder, so it‚Äôs an enjoyable experience for all. You can report any suspicious profile by going to their profile and scrolling down to ‚ÄòReport‚Äô.",2024-03-14 08:49:59,15.3.0
56319be8-2ea7-4eb6-b3c2-928b601de08b,Kristine Allysa,https://play-lh.googleusercontent.com/a-/ALV-UjUB7fNFZUrRk_AbPKxbk20J6ShWzbBOLHzYW6AOld9Qg6c,"Always show ""are you human""üò°üò°",1,0,,2024-03-14 08:16:19,"Thank you for your comment. We're sorry you didn't enjoy your experience on Tinder. Your feedback is important to us, and we appreciate you taking the time to share your thoughts.",2024-03-14 09:49:07,
eaa9911c-8857-4257-b634-77fe1f9689a4,Earshooters Med,https://play-lh.googleusercontent.com/a-/ALV-UjXpSWOEtrQgj_lFk3df2TBRzHEydmTdcKFThzvsv33hoqc,"I have hundreds likes but tinder never do match with them, even if I like it without stopping. So you have to pay...no point be there without gold account",2,0,15.3.0,2024-03-14 08:08:49,"Thank you for your comment. We're sorry you didn't enjoy your experience on Tinder. Your feedback is important to us, and we appreciate you taking the time to share your thoughts.",2024-03-14 09:49:08,15.3.0
8d2a7db6-1bbb-4aea-a6b4-1ad76914aa7f,–ê–Ω–∞—Ç–æ–ª–∏–π –®—Ç—Ä–∞–Ω–¥–±–µ—Ä–≥,https://play-lh.googleusercontent.com/a-/ALV-UjUzg_RM3Cpuzuco8xIAbkmz8IjLfS8MRS4NzVRzSmPo-TA,Absolute garbage. Basically they just want your money. Avoid it. Not to mention canceling subscription is made complicated. A tottal rip off,1,0,15.3.0,2024-03-14 07:52:44,"We‚Äôre sorry to hear about this. If you need help to resolve your billing issue or you‚Äôd like to request a refund, please let us know at gotinder.com/help and we‚Äôll connect.",2024-03-14 09:48:54,15.3.0
4e380d3d-5cae-4e92-93dc-72704fbe977d,Adam Duggan,https://play-lh.googleusercontent.com/a/ACg8ocKmTu9h0N9BCeCnqSLRdCzQ0R6lZWfXZ82j3gBQlI2o=mo,Terrible app. I have 35 likes (or so you say) yet since I've downloaded I haven't gotten a single match. Why? What are the chances I haven't swiped right on a mutual? It's a joke. You're just playing off people's emotions and ego so they'll pay for the app - the features that are supposedly free - which they're simply not . You know exactly what you're doing and it's disgusting. Oh and you're sorry about it? That's all you have to say? How about a class action? Maybe you'll truly be sorry then.,1,0,15.3.0,2024-03-14 07:34:04,"Sorry to hear you‚Äôre having a negative experience with Tinder. We appreciate you taking the time to reach out to us, so thank you for sharing your feedback.",2024-03-15 00:57:38,15.3.0
c2d83fe6-8e11-44ac-bf53-0f809bbb60ff,SUDARSHAN KELKAR,https://play-lh.googleusercontent.com/a/ACg8ocIIvYbkXVo3-3uxG_Vkt6cHmLzPu_WSaMnRhm5qdQQH=mo,"This is a absolutely fantastic waste of time and money, you make a basic payment, the app keeps on asking you make more payments for the most futile feature, you can literally feel the petty greed, whether your profile is visible to other people is actually a matter of complete mystery, same goes for the authenticity of profiles on the app, fake or real is a complete mystery, yet somehow gold-diggers seem to find you very quickly, this is a waste of time, money and energy",1,1,15.3.0,2024-03-14 07:16:29,"Thanks for sharing your feedback. We want everyone to be their genuine self on Tinder, so it‚Äôs an enjoyable experience for all. You can report any suspicious profile by going to their profile and scrolling down to ‚ÄòReport‚Äô.",2024-03-14 07:48:09,15.3.0
2688ca95-4be2-4287-b7c8-030e426d7cae,Opara Kelechi,https://play-lh.googleusercontent.com/a-/ALV-UjWNhaduiM-JwN6AV6HjTKXVNxPi0flZ_1OAJstN6GMNc7Q,the app shouldn't be paid for. how can one pay for a match that might not be real?,2,0,14.20.0,2024-03-14 06:27:42,"Sorry to hear you feel this way. Here to remind you that you can use Tinder for free, although we also offer paid Premium features for people who want to elevate their Tinder experience. Pricing for Tinder products, as well as the offerings available, may vary based on your location, date, and time of purchase.",2024-03-14 09:49:02,14.20.0
32fd14f5-3c48-4096-b7f2-9f0de1c461c9,Lye Chi,https://play-lh.googleusercontent.com/a/ACg8ocL-FM_a4WZMwbZh39sR4jNNsGwTfX3w5tvZguohcvli=mo,Won't let me move past uploading photos huge waste of time,1,0,,2024-03-14 05:27:50,"Sorry to hear you‚Äôre having a negative experience with Tinder. We appreciate you taking the time to reach out to us, so thank you for sharing your feedback.",2024-03-14 06:50:29,
0f5ae01a-6836-4c21-a9d8-ae7883b9427b,Ahmed Lotfy,https://play-lh.googleusercontent.com/a-/ALV-UjVq7ApFe3KRKDBV3tImgp2P_9fqduMbAnk0we20Ty05CFk,"They suddenly block users , without reason and forever !",1,0,15.3.0,2024-03-14 05:21:07,"Sorry to hear you‚Äôre having a negative experience with Tinder. We appreciate you taking the time to reach out to us, so thank you for sharing your feedback.",2024-03-14 06:50:27,15.3.0
1ca01baa-219a-4e8a-b9ba-218f9d9e2581,Nasir Grant,https://play-lh.googleusercontent.com/a-/ALV-UjW7O95st9nhdnpPu3Ztf0hhkExKZF237O0p08lB7EKBZlU,Toxicity,1,0,15.3.0,2024-03-14 04:55:23,,,15.3.0
dfcc32af-67b7-4bdd-a0f6-2a43b749adcf,Jeremiah Higdon,https://play-lh.googleusercontent.com/a-/ALV-UjVdefnrpLXZT_VWjHpSDO0a-ZGSSIE31UAI32xwLcwxAYE,great really good time own this app,5,0,15.1.0,2024-03-14 04:52:42,"Thank you for your fantastic review! We're thrilled to hear that Tinder is meeting your expectations and providing you with an excellent experience. If you have any suggestions for improvement, we'd love to hear them. Keep enjoying the app!",2024-03-14 06:49:41,15.1.0
96ba9669-57b7-4fc4-8ee4-a582fc42888d,Arriano Concepcion,https://play-lh.googleusercontent.com/a/ACg8ocKOv6MOFXO7hmvA3Z0r_veUiMwI2x8r6t1zPHk3A3c2=mo,not really open actually trying to link 2 people together,1,0,15.3.0,2024-03-14 04:35:24,"Sorry to hear you‚Äôre having a negative experience with Tinder. We appreciate you taking the time to reach out to us, so thank you for sharing your feedback.",2024-03-14 06:50:27,15.3.0
c2bb57ed-48c2-4188-a1c0-67f56c5ebc95,Human Being,https://play-lh.googleusercontent.com/a-/ALV-UjWBDVya6tjdkePzW66Fg1ctpxh-FJtRKbPkuncG_CvB7Pc,Hot garbage,1,0,,2024-03-14 04:30:37,,,
f35a3827-33e4-4bcd-beab-304f08bc4d58,Brandon Arroyo (Mr Wolf Killer),https://play-lh.googleusercontent.com/a-/ALV-UjVvdo67Nz0fq2xFV0szDssavxXzAqlzBeCEWDpS5KDLISA,"App shows repeats of profiles/can't view bios of people I've matched with. Just started happening in December and has just continued onwards. I'm not sure if I'm shadowbanned or the app itself is non-functional considering there are a lot of similar reviews to the one I'm posting. I remember I once got a warning for swiping left too many times but I didn't even use the app for 2 minutes after getting that warning. Not sure why this happening, please considering fixing your app??",1,2,15.4.0,2024-03-14 04:27:48,"That doesn‚Äôt sound like an enjoyable experience, sorry about that! If you‚Äôre having issues with matches or messages, we encourage you to visit gotinder.com/faq > ‚ÄòTroubleshooting‚Äô > ‚ÄòTrouble with Matches and Messaging‚Äô. Hope this helps!",2024-03-14 06:49:45,15.4.0
96cb4168-5bb3-4839-9327-d4f4cd94f1f3,Bappi The Bay,https://play-lh.googleusercontent.com/a-/ALV-UjW9lPfp2QmLGSAvlx8d8KL5ANxRjc3fOGUCNfErTtg6-Gk,good,2,0,15.3.0,2024-03-14 04:27:06,,,15.3.0
348ac414-7032-4b60-bfa9-f83aab7373d0,Mohit Wagle,https://play-lh.googleusercontent.com/a-/ALV-UjUctKtxXtXkBNxJRTABYl2PG1CWImsSmtDlEjlSjPQNig,Slow,1,0,,2024-03-14 04:25:51,,,
1385b971-ffea-4aac-9c4f-9c112a2858a1,Itz Frankluiz,https://play-lh.googleusercontent.com/a-/ALV-UjXShB52XJbgb2yMiZIsZbkz7aJKS0ETygvrbQOkqbA2qC8,i hardly find a match here fr... I don't know why tho,2,0,15.3.0,2024-03-14 04:22:20,"Sorry to hear you‚Äôre having a negative experience with Tinder. We appreciate you taking the time to reach out to us, so thank you for sharing your feedback.",2024-03-14 06:50:25,15.3.0
d48edc15-a3a0-4207-bd1f-1b7d0d3ced90,Honey's Art VlogPh,https://play-lh.googleusercontent.com/a-/ALV-UjXsdchUKO3ZSk1OQMDjJF_45d4O5UshoVqOzkPlyLqIqA,"I was surprised that tinder has an improvement. I see a lot of great real people here. I have a suggestion, I will be glad if there is a live streaming button like other dating apps? so that we can see more real people and I also want to do a live stream so that people will really see me as real person. thank you.",4,0,,2024-03-14 04:07:03,"Thank you for your amazing feedback! We are delighted to hear that you are enjoying your time on Tinder. If you ever have any questions or need help, feel free to contact us.",2024-03-14 06:49:38,
8c963477-5bfb-4d15-b33b-801db5b8491c,Pneuma,https://play-lh.googleusercontent.com/a-/ALV-UjWARGgR3L3U7zM66xYyHA85tHUQVX5NjCAbkDX42AADKg,cant sort mono/poly,1,0,,2024-03-14 04:03:28,,,
ab158852-2d49-4922-a139-349767b2a280,Eliza McKerrow,https://play-lh.googleusercontent.com/a-/ALV-UjXg1z9IYFcx0KIG3GXKnyMiXBQy2zytnv4ENu9IURCURP6t,"The fact I have to choose what gender I want to be included in the search for is messed up. Im nonbinary and that's like telling a penguin to fly. The whole ""inclusivity"" thing is a total lie. Devs literally just need to add an other category for gender, plus that way I could search for fellow nonbinary and gender non conforming people. It's lazy programming at best and nonbinary/intersex/gnc erasure at worst.",1,0,11.29.0,2024-03-14 03:55:58,"Sorry to hear you‚Äôre having a negative experience with Tinder. We appreciate you taking the time to reach out to us, so thank you for sharing your feedback.",2024-03-14 06:50:24,11.29.0
c8127e5a-17e4-45f9-88a9-2777ccbb9ef1,Mike Oaks,https://play-lh.googleusercontent.com/a/ACg8ocLnviw_G3Qdw1jm-OsqoAaSEy0Hj1stjL8om5gEzr86=mo,"Without paying all you can do is see pictures, no messages, no likes cant see who likes you, cant do anything without paying, thats stupid...",1,0,,2024-03-14 03:43:15,"Sorry to hear you‚Äôre having a negative experience with Tinder. We appreciate you taking the time to reach out to us, so thank you for sharing your feedback.",2024-03-14 06:50:22,
cb3825b0-692b-4557-91e8-b96024f1ec20,Hnin Thidar,https://play-lh.googleusercontent.com/a/ACg8ocJ9bFwSXSlvnxGFhQfZ27jpShYHR9CIitT30a6V6aok=mo,Good job,5,0,15.3.0,2024-03-14 03:30:06,Thank you so much for your amazing review! We are thrilled to hear your feedback. We appreciate your support and hope you continue to have a wonderful experience on Tinder!,2024-03-14 06:49:38,15.3.0
3fcce014-61ab-4162-83e3-30dc6b7acaf1,Deez Nutz,https://play-lh.googleusercontent.com/a/ACg8ocKFu0isq_6KN360529kZ3GhyVe4kxnKFOVgZvmhCETM=mo,seems fake,1,0,15.3.0,2024-03-14 03:21:37,"Sorry to hear that. We agree that this isn‚Äôt a nice experience, but we can assure you that we put a lot of effort into moderating inappropriate behavior. If you come across a suspicious profile, please report it directly on the app by opening their profile and scrolling down to ‚ÄòReport‚Äô.",2024-03-14 03:46:56,15.3.0
601c04eb-e8aa-496d-9685-00670b02509f,heamy bul,https://play-lh.googleusercontent.com/a/ACg8ocIII24Pqb7gGXZJeOczNr3U4jQS9cFNI01eZzyvuTtC=mo,Just horrible.,1,0,,2024-03-14 03:13:04,"Sorry to hear you‚Äôre having a negative experience with Tinder. We appreciate you taking the time to reach out to us, so thank you for sharing your feedback.",2024-03-14 06:50:20,
961191c1-15bc-4dab-bdee-6d27b5bebb10,Jennifer W,https://play-lh.googleusercontent.com/a/ACg8ocLYmGq3n5g_b3CcI1BwcftLOqNk8d_JrWBoZBQQgxyv=mo,"Every time I download this app I can see it's creators have gotten greedier. Disappointing. I'll probably delete soon just on principal. Your business model sucks. This app will die a slow death. Rather than grow slowly and sustainably. Actually doing some good in the world connecting ppl, could have been your thing.",1,0,15.3.0,2024-03-14 02:55:24,"Thank you for your comment. We're sorry you didn't enjoy your experience on Tinder. Your feedback is important to us, and we appreciate you taking the time to share your thoughts.",2024-03-14 06:50:20,15.3.0
8108c44d-f88a-43cf-982b-7b6718e89227,Robert Miller,https://play-lh.googleusercontent.com/a-/ALV-UjWsLqLpCSNTmpZM_hZqN1ctEMM31tZPL9pf6INUn1280Q,Won't let me like anyone anymore,1,1,15.0.0,2024-03-14 02:31:57,"Sorry to hear you‚Äôre having a negative experience with Tinder. We appreciate you taking the time to reach out to us, so thank you for sharing your feedback.",2024-03-14 06:50:18,15.0.0
db628687-30f2-405f-957b-72afceaaabbc,Evan Renusch,https://play-lh.googleusercontent.com/a/ACg8ocKBVqsALp8Yvdi0kDZI_AK6JnmggH7Lvr1_BFkM_PVi=mo,You're better off dying alone than using this app.,1,1,,2024-03-14 02:23:24,"Thank you for your comment. We're sorry you didn't enjoy your experience on Tinder. Your feedback is important to us, and we appreciate you taking the time to share your thoughts.",2024-03-14 06:50:17,
2cbf2576-2f23-48f8-9af1-935e58bd93ec,Malcom Yong,https://play-lh.googleusercontent.com/a/ACg8ocJ4AnFlotMMro2aPK9zm2d-_4EzK5OIhOsD34tFzbCw=mo,"I was verified..... And now suddenly got banned without knowing what cause like seriously, i payed like twice already... And got banned that easily.... Cmmon....",5,0,15.3.0,2024-03-14 02:01:51,,,15.3.0
9869d93e-19b1-4ef5-b05e-e693dcdf1ea4,Gabriel Mares,https://play-lh.googleusercontent.com/a-/ALV-UjVlVNbza-GzDOBXa4Yul2m20S0Iyy5Y7y1LmE-fiOUwTRw,"La verdad es una gran aplicaci√≥n, por fin conoc√≠ gente pero, el raro antisocial soy yo, no es una app para mi pero es una muy buena app. Creo que fue una gran mejora las b√∫squedas por prioridad, yo buscaba amistades y ayuda que sepan cu√°l es tu objetivo.",5,0,,2024-03-14 02:01:13,,,
fbe3e845-b7c6-4ed5-b870-d648b3e1952b,Agni Bhatta,https://play-lh.googleusercontent.com/a/ACg8ocLJyxIVloIdPSbsIvhq1KWDufcnN5UOY-4vHiYLeFCb=mo,Great app,5,0,15.3.0,2024-03-14 01:57:49,"Thank you for your positive feedback! We're glad to hear that you're enjoying our app. If you have any suggestions or need assistance, feel free to reach out to us.",2024-03-14 06:49:36,15.3.0
e99be9b8-2025-4ea2-a130-de79d38ed565,EMMANUEL SOBOGUN,https://play-lh.googleusercontent.com/a-/ALV-UjU5sIKvoUYubrKTXNo8XHmjg47cUjw7Sy3r4_tneWWW-64P,good,5,0,15.3.0,2024-03-14 01:50:44,,,15.3.0
5b7eeede-bb17-4136-94b1-a27564049e42,Tom Nguyen,https://play-lh.googleusercontent.com/a-/ALV-UjXgNDouQsk1UCrKn1crI0bcBo-WYpJ-CwAQ3-BipKZbYJ4,"Don't bother, waste of time and money, pay premium to have unlimited swipe on photos of girls. Work on getting money and meeting people in real life through friends. There's no better way.",1,0,13.14.0,2024-03-14 01:49:38,"At its core, Tinder is free. You can create a profile, match, chat and meet! Subscriptions and other in-app purchases give you access to Premium features, but you can enjoy Tinder without making a purchase.",2024-03-14 06:49:58,13.14.0
82aaf546-c476-4869-b975-05b318acd054,Giselle Slinger,https://play-lh.googleusercontent.com/a/ACg8ocJvtr0uJi1sqocWHkI-DAwRIkNuSSCbiH4LzuqY-Nnr=mo,"Well everything was going good, until Facebook, Instagram, and other apps recently shut down, after that I was log out off tender, I tried logging back in over and over nothing, so I delete the account thinking maybe I was hacked, and download it back to start afresh still not getting through really disappointed, other than that, it had worked great for me.",5,0,14.22.1,2024-03-14 01:43:06,"Sorry to hear about the trouble you're experiencing. Could you give us a shout at gotinder.com/help? Thanks for sharing as much relevant info as possible, so we can deep dive into this. We hope to hear from you soon!",2024-03-14 06:50:31,14.22.1
7b4ed692-821f-4124-9408-86a90848ddfc,Grady Cox,https://play-lh.googleusercontent.com/a-/ALV-UjXnadmPpP8J2igLRZvCRuDk4vzOX31yLGrgcggO9Xs_YOzb,"Ling term user. They limit on usage, 5 minutes on app & then you have to pay for swiping, or wait days to continue. Money hungry devs, DONT RECOMMEND big L. Why would I want to wait days on end just for a few minutes of silly swiping? I'll take my $40/month when I pay somewhere else like OF & actually get sex! DON'T WASTE YOUR TIME!!",1,2,15.3.0,2024-03-14 01:29:51,"Sorry to hear that! You can use Tinder for free. After creating your account, you can view potential matches and connect with others. We offer subscriptions and other in-app purchases to those who want to upgrade their Tinder experience with Premium features.",2024-03-14 06:49:57,15.3.0
181d0c61-b064-427f-bed4-8314b2e8b8d8,Ben Theis,https://play-lh.googleusercontent.com/a/ACg8ocKcFNEvL2YUbA8bWb0XO8D46SvUxRBwj0EsUjAqGbeR=mo,So you get 40 plus people to like you in 3 days and tinder never shows you those people so you have to pay more for their dating site than a streaming service. Im never going to pay you unless its like a dollar a month because you have just proven to me you will just play games. And they do a garbage job of getting the only fans type people off of here. More than half the profiles are fake,1,0,15.3.0,2024-03-14 01:23:55,"Thanks for sharing your feedback. We want everyone to be their genuine self on Tinder, so it‚Äôs an enjoyable experience for all. You can report any suspicious profile by going to their profile and scrolling down to ‚ÄòReport‚Äô.",2024-03-14 01:46:57,15.3.0
4d7cc014-73bf-4410-abbb-8c46ee271b46,Adder Black,https://play-lh.googleusercontent.com/a-/ALV-UjXh5y2cTd9mpHduHi7r4WCLHrtGyL_-dENlxfZKcs_26kE,You should think about renovations egsisting and creating new packages (this is boring) Attractive price packages-with more content and more choices! Then you will see tinder sparkling! features that can be affordable to the wider population.. ! üòâü•≥,3,0,,2024-03-14 01:00:30,"At its core, Tinder is free. You can create a profile, match, chat and meet! Subscriptions and other in-app purchases give you access to Premium features, but you can enjoy Tinder without making a purchase.",2024-03-14 06:50:01,
35768f2e-941e-446d-a96d-8601a120ded8,Greg Pendergraft,https://play-lh.googleusercontent.com/a-/ALV-UjW4nAg4S__q4Hk6cAj7PUwnpMIkTuMef5iLGRA1z_H52qs,there's potential hookups out here I know I'm finding them,3,0,15.3.0,2024-03-14 00:56:04,,,15.3.0
bab8a97d-1a1c-4ed2-92ef-c6507376ecef,Michael Miller,https://play-lh.googleusercontent.com/a/ACg8ocIlH-1-6Pdxi0e05CTDg75c1CVd2WeB2rWcQc46kaPg=mo,"I accidentally put in the wrong age like a year ago and finally tried to enter again lately, and they won't un-ban me even after my ID proof clearly shows I'm over 18 üò†",1,0,,2024-03-14 00:54:59,"Sorry to hear you‚Äôre having a negative experience with Tinder. We appreciate you taking the time to reach out to us, so thank you for sharing your feedback.",2024-03-14 06:50:15,
5cd6dcc0-6a50-40d9-bcb0-c063dc0518e2,White Boy,https://play-lh.googleusercontent.com/a-/ALV-UjVEBHvzI30SwNov_lbAyPPuUHc1J6nfvA5PeT_QOoar0w,"matches seem completely broken. either all my matches disappear. I match with someone then immediately get unmatched before the chance to send a message. or notification for a message, then match not there anymore. re logging only helps somewhat, I was on date and on their side we're still matched but my app I couldn't see her.",1,0,15.3.0,2024-03-14 00:47:39,"Sorry to hear about this. If you continue to experience issues connecting with others on Tinder, we‚Äôd love to dig deeper into this. Could you reach out to us at gotinder.com/help, so we can help troubleshoot and improve your experience?",2024-03-14 06:49:44,15.3.0
d9a2ad92-c378-47a0-b14f-96b537ecd30f,Raluca Gate,https://play-lh.googleusercontent.com/a-/ALV-UjWQQOuzKiXwKKgpw4avJK-LXFb9eEd86XCPqy9E8BqDl4tP,"I've had an account for months and it's shadow banned for some reason. Whether I swipe right or left, I get the same people every time I open the app. This is a scheme so you make in app purchases.",1,0,15.4.0,2024-03-14 00:29:05,"Thank you for your comment. We're sorry you didn't enjoy your experience on Tinder. Your feedback is important to us, and we appreciate you taking the time to share your thoughts.",2024-03-14 06:50:13,15.4.0
e2c59370-6071-41d2-b03e-d95510184593,Cadet David,https://play-lh.googleusercontent.com/a/ACg8ocJCGNceSwN3abFDwMaPV-fObyxCK3JoJczLJKokrzCx=mo,it's very nice I love it,5,0,15.3.0,2024-03-14 00:15:33,"Thank you for your fantastic review! We're thrilled to hear that Tinder is meeting your expectations and providing you with an excellent experience. If you have any suggestions for improvement, we'd love to hear them. Keep enjoying the app!",2024-03-14 06:49:33,15.3.0
b16c76c4-84d6-4f93-8a62-7bbb11761f73,Homer Simpson,https://play-lh.googleusercontent.com/a-/ALV-UjV6RrjTPalvBj27nVY_FYKbGaXLsZSxVpoB865jsR_h_g,"Consegu√≠ una verificaci√≥n de cuenta sin incluso pasar el examen de verificaci√≥n √∫nicamente subiendo mi documento de identificaci√≥n nacional de mi pa√≠s y licencia de conducir. Me gusta. Estoy a favor. 5 estrellas. Doy muy pocos ""likes"" El sistema de Tinder piensa que Yo soy un bot y tuve que pasar examen de verificaci√≥n. Yo estoy muy enojado...Yo no paso examen de verificaci√≥n igual que otros aqu√≠.",1,0,,2024-03-14 00:12:38,,,
140a7a84-3b00-46da-8c15-01ffc52be89a,hortense watson,https://play-lh.googleusercontent.com/a-/ALV-UjW1eJHUDAoAWt3u5Jh6js9GhM868tyl4-541VyiyPwAk3FM,It's a great platform to find new friends.,5,0,15.3.0,2024-03-13 23:57:56,"Thank you for your fantastic review! We're thrilled to hear that Tinder is meeting your expectations and providing you with an excellent experience. If you have any suggestions for improvement, we'd love to hear them. Keep enjoying the app!",2024-03-14 06:49:34,15.3.0
fa7888c1-8723-4c16-a85e-ab0ce09e2eef,Max,https://play-lh.googleusercontent.com/a-/ALV-UjX0bVmPZOmTvh9t2Xl6iOqTW0zj3hbUyWHkjy7FlLduJI4,Only degradations are there. They block Normal People.,1,0,15.4.0,2024-03-13 23:30:20,"Sorry to hear you‚Äôre having a negative experience with Tinder. We appreciate you taking the time to reach out to us, so thank you for sharing your feedback.",2024-03-14 00:47:59,15.4.0
12109e07-2f65-43ec-b066-3c28e90faa92,Ali Raza,https://play-lh.googleusercontent.com/a-/ALV-UjW7Nq12VKpkKcjCKXC9H0at9eUlu3xtPyT7isgU8cOjGA,good,3,0,15.3.0,2024-03-13 23:25:26,,,15.3.0
59a8ac8e-40f6-40c8-b675-d9e0bb503a99,Creator's King,https://play-lh.googleusercontent.com/a-/ALV-UjUslDldU4aug86S7aF7hyd101zxHcs3HgwJqd_c8iLlnQ,Worst,1,0,15.3.0,2024-03-13 23:12:23,,,15.3.0
0553b079-259b-40ab-9dea-81216d8d7e3a,Or Rozen,https://play-lh.googleusercontent.com/a-/ALV-UjXlKaDnvqZyrpCHv4eb3BL0yR2nNIUHn8NB0upBjw0S_LA7,"More than a few months that I have no idea why I got banned and when you're trying to understand why you won't get any help from your assistance and doesn't matter even that my profile was verified and I had a membership, you just choose to ignore .. Bumble is way better",1,1,15.3.0,2024-03-13 22:53:14,"Sorry to hear you‚Äôre having a negative experience with Tinder. We appreciate you taking the time to reach out to us, so thank you for sharing your feedback.",2024-03-14 00:47:56,15.3.0
03f6f7ad-e808-418c-8763-707f1c9b427b,Arka Mukhopadhyay,https://play-lh.googleusercontent.com/a/ACg8ocL3iAOeEEzc6YIO_iLKbU0OfUOqzhDH-iVLcfWF96hf=mo,"Worst experience with the app.cant send likes,or see likes sent.When i contact and raise complaint,tickets are raised but no solution even after a week great support for platinum plan owners..u suck",1,0,15.3.0,2024-03-13 22:51:32,"We‚Äôre sorry to hear about this. If you need help to resolve your billing issue or you‚Äôd like to request a refund, please let us know at gotinder.com/help and we‚Äôll connect.",2024-03-14 00:47:43,15.3.0
bd4e676e-82b8-43d5-b3fb-0e201b95821d,Evelyn Mercy,https://play-lh.googleusercontent.com/a-/ALV-UjXTfoINna7l8_o-CLKjsrxRTtADmb6TZaf6Y0vUM5x7bg,Nice,2,0,14.24.3,2024-03-13 22:45:21,,,14.24.3
aa11d5fb-414e-48da-ac42-33791bc53964,Mike Schroeter,https://play-lh.googleusercontent.com/a-/ALV-UjWKyilNc8GfdMAVEe9Gfk1-nlG1T1g5Jh9gWBL_fXemp6A,Plagued with bot accounts. Boosts are useless and cost too much compared to other services.,1,0,15.3.0,2024-03-13 22:33:15,"Thanks for sharing your feedback. We want everyone to be their genuine self on Tinder, so it‚Äôs an enjoyable experience for all. You can report any suspicious profile by going to their profile and scrolling down to ‚ÄòReport‚Äô.",2024-03-13 22:46:46,15.3.0
7a5b3d7a-7117-4759-9d5c-19191ed46eb5,Judy Mirror,https://play-lh.googleusercontent.com/a-/ALV-UjVR8gYHqcIY72JT6AGi0zyrMCpqwtZdX5hcx8y8cpOwZXQ,"It gets u banned , even if u don't do anything wrong",1,0,15.4.0,2024-03-13 22:11:19,"Thank you for your comment. We're sorry you didn't enjoy your experience on Tinder. Your feedback is important to us, and we appreciate you taking the time to share your thoughts.",2024-03-14 00:47:55,15.4.0
f051a851-2faf-47c5-a3eb-670a2bd838a1,Raymond Deleon,https://play-lh.googleusercontent.com/a-/ALV-UjUXX4DEiy06ki5pAnro1INFvnEFlUQvFo--e-lepD56QDQ,If you ain't paying for the app as a guy you will never find a decent match very far in between..,2,0,15.4.0,2024-03-13 21:38:11,"At its core, Tinder is free. You can create a profile, match, chat and meet! Subscriptions and other in-app purchases give you access to Premium features, but you can enjoy Tinder without making a purchase.",2024-03-14 00:47:47,15.4.0
19c2919a-e69b-4b2c-bce8-3e7d615035ad,Alexander C,https://play-lh.googleusercontent.com/a/ACg8ocJZMMXdjNKQFPmuDvEDvhjJXqmgjiR5Gm--j-WTJJu1=mo,"Tinder is Trash now. Too many fake profiles. Tinder says they put a lot of effort into moderating it, but then ask me to report the fake profiles for them? Sounds like I am the one putting the effort in.. Like I said, place is Garbage now",1,0,15.4.0,2024-03-13 21:28:12,"Thanks for sharing your feedback. We want everyone to be their genuine self on Tinder, so it‚Äôs an enjoyable experience for all. You can report any suspicious profile by going to their profile and scrolling down to ‚ÄòReport‚Äô.",2024-03-14 19:44:00,15.4.0
b96e0202-d03b-480a-a170-3da2d6217754,Matt Bowman,https://play-lh.googleusercontent.com/a/ACg8ocLkFNAmfd_DRPM1Vf_nt4f37rn578KsjleWnUTijMw0=mo,Capitalist pigs charge you $$$ for everything nowadays.,1,0,15.3.0,2024-03-13 21:27:54,"At its core, Tinder is free. You can create a profile, match, chat and meet! Subscriptions and other in-app purchases give you access to Premium features, but you can enjoy Tinder without making a purchase.",2024-03-14 00:47:46,15.3.0
72546a86-c9f0-43f4-a724-3a20914d51dc,Cohan A,https://play-lh.googleusercontent.com/a-/ALV-UjVzTgauh6xZfz6DKdqqj8RzI2U2X2MFCLvbTt1-mkjtRHM,"The likes tab is broken and clearly shows likes from months ago. This is intentional, in order to trick people into buying gold. Dont fall for the scam.",1,0,15.3.0,2024-03-13 21:21:41,Thanks for sharing this. We‚Äôre sorry to hear about your experience on Tinder. We value our member‚Äôs experience and we take reports of this nature seriously. Please reach out to gotinder.com/help to report this incident to our team and we‚Äôll be in touch.,2024-03-13 21:46:56,15.3.0
e086140b-279d-45b8-91d5-8b4d3257e502,Jonathan De la Rosa,https://play-lh.googleusercontent.com/a/ACg8ocKxWyDaAde3vYMewiN-u6N-XzM3PDJsxDkVMQryUDHCzA=mo,"Something needs to be done about the number of fake accounts on here. Some people pay for this app, who get boosts and super likes. And for what? So they can waste them on fake accounts? Serious issue. Figure something out with IP addresses or something. Definitely not fair that someone would pay a subscription for months, and they get zero value out of it. I say, either fix the platform or fix the pricing. No one wants to pay a ridiculous amount of money and get nothing out of it.",1,0,15.3.0,2024-03-13 21:20:38,"Sorry to hear that. We agree that this isn‚Äôt a nice experience, but we can assure you that we put a lot of effort into moderating inappropriate behavior. If you come across a suspicious profile, please report it directly on the app by opening their profile and scrolling down to ‚ÄòReport‚Äô.",2024-03-13 21:46:39,15.3.0
eb335fd7-c532-47d6-98d2-79157c62ad4e,Jack C,https://play-lh.googleusercontent.com/a-/ALV-UjXNuM2Qmiq_qnTrn5Ek9g6udmAENUJPn1eYyMen0FDYO0w,"horrible moderation/support team, horrible paid services, and horrible app.",1,0,15.3.0,2024-03-13 21:10:31,"Sorry to hear you‚Äôre having a negative experience with Tinder. We appreciate you taking the time to reach out to us, so thank you for sharing your feedback.",2024-03-14 00:47:51,15.3.0
3c5730b5-f92d-4ff2-a4fa-f0db6de6a559,Mano Malone,https://play-lh.googleusercontent.com/a/ACg8ocJSMJLaXZ-ROd7YW-RluQjvaKiQ98JwvzYdWhe5r-W7=mo,"Won't let me delete my account, really annoying",1,0,15.4.0,2024-03-13 21:08:24,Sorry to hear you want to delete your account! We hope it‚Äôs because you met someone special. You can delete your Tinder account by tapping the profile icon > Settings > ‚ÄòDelete Account‚Äô. Having issues trying to delete your account? Let us know how we can help you at gotinder.com/help!,2024-03-13 21:47:05,15.4.0
f7aefee1-b1b0-488b-b820-501af58f1277,Cole,https://play-lh.googleusercontent.com/a/ACg8ocKhmTlkwcz2nxhmqaPcrF77hnfrCjt-6LdNd_4Tddmd=mo,Lost account- Swapped from iOS to Android and couldnt log back in. Massive piece of üí©. It kept askimg how i wanted to log in and regardless of whether i did email or phone # it kept makimg me create a new account. The app is trash anyways. Mostly bots and scammers,1,0,15.3.0,2024-03-13 20:22:35,"Sorry to hear that. We agree that this isn‚Äôt a nice experience, but we can assure you that we put a lot of effort into moderating inappropriate behavior. If you come across a suspicious profile, please report it directly on the app by opening their profile and scrolling down to ‚ÄòReport‚Äô.",2024-03-13 20:48:54,15.3.0
0d57f451-dc53-4ca9-b583-98a74b9df6c6,Nizar Halloum,https://play-lh.googleusercontent.com/a/ACg8ocIZH13mOBngwYMCYm5ymXGt2DLG3vaWaed2pyDf5w1_=mo,not bad,4,0,15.3.0,2024-03-13 20:11:25,,,15.3.0
cc9e0441-e0c6-4085-b00f-3746a06b8b43,Samar Singh,https://play-lh.googleusercontent.com/a/ACg8ocLl-6nPIrOSXWg-z2tFvjpvQ_Ef8LKvsFaAhmX-m5ur=mo,"Very bad I have purchase gold membership but not get any subscription yet,only making fool and cheat het",1,0,,2024-03-13 20:05:41,"Thank you for your comment. We're sorry you didn't enjoy your experience on Tinder. Your feedback is important to us, and we appreciate you taking the time to share your thoughts.",2024-03-13 21:46:54,
ac5164fb-ff3b-429f-8e48-09f2b38ea860,Jessica Flowers,https://play-lh.googleusercontent.com/a/ACg8ocIKN-PjSSMV3e3TvTB1bId5GxZMQVmvtDc5MSA_popQ=mo,Constantly showing 0 matches even in a highly active area. Upgraded to gold to see if that would help. Still reflects no likes. I saw a friend on the app and swiped right on him and he doesn't see it on his end. Tinder will take your money and hide your profile. Reached out to customer service and no response. I guess I have to dispute the charge now since they failed to provide a service I paid for.,2,0,15.3.0,2024-03-13 19:45:09,"Sorry to hear about this. If you continue to experience issues connecting with others on Tinder, we‚Äôd love to dig deeper into this. Could you reach out to us at gotinder.com/help, so we can help troubleshoot and improve your experience?",2024-03-13 21:46:29,15.3.0
e2e46881-cf97-4a85-9bb3-1ee013ba43b5,holy diver,https://play-lh.googleusercontent.com/a-/ALV-UjXmBgH9EU24SaRa9lfE_hOlrJbLMmft8_n6bcZDNprGmAk,Cost to use features is out of hand. Should offer full access trial,1,0,,2024-03-13 19:43:34,"Sorry to hear that! You can use Tinder for free. After creating your account, you can view potential matches and connect with others. We offer subscriptions and other in-app purchases to those who want to upgrade their Tinder experience with Premium features.",2024-03-13 21:46:41,
80c9cfd8-f651-49c0-873f-b5b5b2f3aa29,Ibukun Onigbinde,https://play-lh.googleusercontent.com/a/ACg8ocJMPm7lFX34DHTZX4JylJf4cIgpb5WRtpcH4hwkeT6Q=mo,Very nice,5,0,15.3.0,2024-03-13 19:36:18,"Thank you for your positive feedback! We're thrilled to hear that you're enjoying your experience with Tinder. If you have any questions or need assistance, please don't hesitate to reach out to us.",2024-03-13 21:46:23,15.3.0
10af1d58-62ed-47b0-b821-a20285ca6ebf,Thabang Mathelele,https://play-lh.googleusercontent.com/a-/ALV-UjXlHihayycWpMhVGqENeHxPWOuVysQlmMwTi9fg4EWS_Fo,best app ever,5,0,15.3.0,2024-03-13 18:59:32,"Thank you for your positive feedback! We're thrilled to hear that you're enjoying your experience with Tinder. If you have any questions or need assistance, please don't hesitate to reach out to us.",2024-03-13 21:46:24,15.3.0
eab948a9-07d3-4a57-a70d-5cf47a306ce7,Comfort Williams,https://play-lh.googleusercontent.com/a/ACg8ocI_Ub-T9i56aGBPJ6QY1BEt6RCcujqOdRRtwPWxmI5a=mo,Am not sure from now,3,0,15.3.0,2024-03-13 18:53:56,,,15.3.0
8aa6a498-e103-4ef3-8a10-e4d8aea40a7e,Prajjwal Panchal008,https://play-lh.googleusercontent.com/a-/ALV-UjX5q0d7vk9SVwEkYjPDY485NemQyiSdAFXh--sPK38EHxs,Osm,5,0,15.0.0,2024-03-13 18:44:45,,,15.0.0
a68310b8-4667-4301-a621-b09feecc7c09,Dov Blitz,https://play-lh.googleusercontent.com/a/ACg8ocIl-2GQqkOaR4BgDRMTilVW_BNTTi5S1DszCzTwIkvhdMc=mo,a bit too expensive for my taste tbf,4,0,15.3.0,2024-03-13 18:38:31,"At its core, Tinder is free. You can create a profile, match, chat and meet! Subscriptions and other in-app purchases give you access to Premium features, but you can enjoy Tinder without making a purchase.",2024-03-13 21:46:39,15.3.0
6bc314e0-85a2-42da-89d6-2a21a342453e,Jason John Panteleon Ioannidis,https://play-lh.googleusercontent.com/a/ACg8ocKom9MTVNepsb6gy9CkQ8wD04obLqdKWHHw8sZ7X6pF=mo,œÄŒ±œÑŒ¨œÑŒ± ü•îü•î,4,0,15.3.0,2024-03-13 18:31:52,,,15.3.0
1d79e6f8-e9ea-4071-b72c-60e99489a2bb,Monish Mhatre,https://play-lh.googleusercontent.com/a-/ALV-UjUy5ClygDmabA4hgrMSKChzwHG-o7M8dW_6QbSLQhyqFAs,profile not showing in other people's phone,1,0,15.3.0,2024-03-13 18:23:54,"Thank you for your comment. We're sorry you didn't enjoy your experience on Tinder. Your feedback is important to us, and we appreciate you taking the time to share your thoughts.",2024-03-13 21:46:52,15.3.0
9e46f68d-7051-484f-93f2-7299960f0a99,Sohail S,https://play-lh.googleusercontent.com/a-/ALV-UjUYit-QIozWrhEkgmYxnLGAd7oRkAVFtYrBh6PXS35UFg,Tumhara network issue üõú,1,0,,2024-03-13 18:17:46,"Thank you for your comment. We're sorry you didn't enjoy your experience on Tinder. Your feedback is important to us, and we appreciate you taking the time to share your thoughts.",2024-03-13 21:46:49,
e82ec924-f9f0-4797-b461-d33cca387ef7,Saad Ali,https://play-lh.googleusercontent.com/a/ACg8ocKxyM0IAzx1keyhnr4n9P5WDrsomsKkIAgarOYXrzHB=mo,Bad,1,0,,2024-03-13 18:15:36,,,
8d395b91-106a-4fc7-8ec7-76493178236b,Lixy Nicholson,https://play-lh.googleusercontent.com/a-/ALV-UjX8lIP8MN79vPhCbNEnsQgdQ_8_aw-rNRqEBLIDMSLEcA,Why can't I delete my account ?,1,0,,2024-03-13 18:13:06,"Sorry to hear you‚Äôre having a negative experience with Tinder. We appreciate you taking the time to reach out to us, so thank you for sharing your feedback.",2024-03-13 21:46:51,
cea917ea-e2a2-40f5-b027-6a591b0b3a9c,Mhiz Sharon,https://play-lh.googleusercontent.com/a/ACg8ocIo86WizysBSs6tr2Cn0eOQ9EV5hOZasCYS1n34g_i6=mo,great,5,0,15.3.0,2024-03-13 18:12:51,,,15.3.0
f335b91c-93aa-4420-998d-67631de79012,kizito harriet,https://play-lh.googleusercontent.com/a-/ALV-UjXv9tpWBcDO5gCObooj25i8r4_284byODKiD3gWsHGINw,"I don't know why you guys keep banning from using your app without violating any policy,I thought when one reports a case ,you guys first look through it before banning a user",1,0,15.3.0,2024-03-13 18:04:13,"Thank you for your comment. We're sorry you didn't enjoy your experience on Tinder. Your feedback is important to us, and we appreciate you taking the time to share your thoughts.",2024-03-13 21:46:49,15.3.0
3d2d3733-df58-4105-b68a-efd08577c187,Benjamin Campbell,https://play-lh.googleusercontent.com/a-/ALV-UjUPg6Yh517_oCsNGJksumkRguDsUW5GMZIjf7-xxJMF21g,Account was banned without explanation or warning. There is no process to appeal this decision or even find out what conduct got you banned. Its impossible to create a new account -10/10 customer service.,1,0,,2024-03-13 18:01:27,,,
fa1de39f-78a1-4ca5-8550-3801b7e3ee9e,GOVIND Pandit gi,https://play-lh.googleusercontent.com/a-/ALV-UjU2YwJI4mJbKyhk5EwKnTNqX_rRCi6rwWVNZoVCJXFbOVE,‡•ê ‡§®‡§Æ‡§É ‡§∂‡§ø‡§µ‡§æ‡§Ø,5,0,15.3.0,2024-03-13 17:44:24,,,15.3.0
a7208a28-25f1-4339-8537-afca1f339648,Jamal Faheed,https://play-lh.googleusercontent.com/a/ACg8ocIZlGRbyyXnOwmuLJsdniZuIESrg8GqvYPWoI6QohZm=mo,xo good,5,0,15.3.0,2024-03-13 17:43:48,,,15.3.0
b14263e4-65ed-405d-8023-5c200851aa09,Nyaradzo Ngara,https://play-lh.googleusercontent.com/a/ACg8ocIv8bRkcSaGGy6IFgDu7hi6kAA_TlSWp3LP8cuU13di=mo,good,1,0,15.3.0,2024-03-13 17:34:14,,,15.3.0
7eadd312-8818-4d9e-b9a9-155c3fb42ef1,Marko Zezelj,https://play-lh.googleusercontent.com/a/ACg8ocI22TVeA5rH2yDOGjOhYZXi_2ebHJrmKEXbmLiHXYA4=mo,"There has not been a day when i don't miss out on Tinder. Oh well, the app just kills time and that's about it. I would like something better. For instance, in my location proximity, my profile seems like it's not liked by the user itself, though it would be AI projecting the least liked profiles as a like. So, it appears i found that pattern. With the boost, likes appear and go away. Chats appear and go away. And i get it, Tinder would now respond with ""sorry for the troubled experience"".",1,46,15.3.0,2024-03-13 17:32:21,"Sorry to hear you‚Äôre having a negative experience with Tinder. We appreciate you taking the time to reach out to us, so thank you for sharing your feedback.",2024-03-14 10:50:38,15.3.0
05576568-bc6f-4309-a135-9a62e44355b0,christopher,https://play-lh.googleusercontent.com/a-/ALV-UjU6FziHryUFaw1pIwn0u2Ri1_8v5LiYWdHpsWIjHapa0Rk,Sucks,1,0,15.3.0,2024-03-13 17:30:01,,,15.3.0
f7f6be16-79a5-4d63-8c84-1224472eff80,Eric Nickel,https://play-lh.googleusercontent.com/a/ACg8ocJq_azCcGjI_QpBwbRqjOd1jYtBPM_VgiRWLjadNfxl=mo,hard getting matches but its fun,5,0,15.3.0,2024-03-13 17:28:54,,,15.3.0
46891898-10c5-45c9-bd82-d48a860a0083,kerryl rae,https://play-lh.googleusercontent.com/a-/ALV-UjXb1W2YsB1_T8c_Ezb3TC8C6s-mS7MuoE1rokQ73WQGnyA,"When I was in Qatar I used TINDER more and I don't need to pay cash just to see the man that I swipe. But I don't kno here in the Philippines, I need to pay just to open the picture. Why they need to pay cash for a dating app???",2,0,,2024-03-13 17:17:29,"Sorry to hear you‚Äôre having a negative experience with Tinder. We appreciate you taking the time to reach out to us, so thank you for sharing your feedback.",2024-03-13 18:27:02,
457fcabd-0a0d-4f94-a354-54e38e1e90b3,Imad Ghoul,https://play-lh.googleusercontent.com/a-/ALV-UjXRs0wzmZkhuboBBY-fzo5LY46FQzIybTIEOO-EnEJM8Q,wow,5,0,15.3.0,2024-03-13 16:54:45,,,15.3.0
ee2cae63-732f-4384-910c-231af6f2421a,Local Human2005,https://play-lh.googleusercontent.com/a-/ALV-UjXUevDxm5XCmo4fVC6wPh9rULnWffsZCJ4oiP9aid0ISVU,"Why would i need gold to see who likes me? That kinda defeats the whole purpose of this app since u cant rlly talk to em unless u have a another messaging app username in ur bio (which you cant even do, so its either pay up to like more ppl or wait 12 hours, cant have people connecting on an app made to connect people apparently) its frustrating. Whats funny is if u look through the review responses from tinder, THE PEOPLE WHO MADE IT AGREE IT SUCKS, MAKE IT BETTER",1,0,15.3.0,2024-03-13 16:54:39,"Thank you for your comment. We're sorry you didn't enjoy your experience on Tinder. Your feedback is important to us, and we appreciate you taking the time to share your thoughts.",2024-03-14 06:50:08,15.3.0
dc0834fc-22e7-4800-9c42-34baeb28aaea,Sawshwe khaingmoe. Lrc,https://play-lh.googleusercontent.com/a-/ALV-UjWKhBrwBSR0vI-zKLovfDJQqluWfdNzhLY26KczghOtQA,nice app,5,0,15.3.0,2024-03-13 16:46:31,"Thank you for your fantastic review! We're thrilled to hear that Tinder is meeting your expectations and providing you with an excellent experience. If you have any suggestions for improvement, we'd love to hear them. Keep enjoying the app!",2024-03-13 18:26:37,15.3.0
5421b590-4ea0-4cef-9cec-5adf80a2794d,Odunlami Samuel362,https://play-lh.googleusercontent.com/a/ACg8ocIoymF9RJUYocbhM5tHRhxpfJc1EekjPCodgFPTT3T9=mo,good app,5,0,15.3.0,2024-03-13 16:20:52,"Thank you for your positive feedback! We're glad to hear that you're enjoying our app. If you have any suggestions or need assistance, feel free to reach out to us.",2024-03-13 18:26:33,15.3.0
e84f2333-0135-42b4-8a65-384ee9bd58f2,Heidi,https://play-lh.googleusercontent.com/a/ACg8ocKP1Jig5PfnggENlwvKJdHM6KPhcM1jDvJVf9LiDosn=mo,"Dont waste your money. I put myself out there thinking i could meet people at my own pace. Then paid a ridiculous amount for a 6 month subscription. The same profiles appear and whether you swipe left or right the same profiles appear. You can't see who likes you, so you can't interact. You do however keep getting prompts to upgrade and pay more. They definitely dont have your best interests at heart, purely a money making scheme. Fix your sight Tinder! It's a waste of time and money.",1,2,15.3.0,2024-03-13 16:17:33,"At its core, Tinder is free. You can create a profile, match, chat and meet! Subscriptions and other in-app purchases give you access to Premium features, but you can enjoy Tinder without making a purchase.",2024-03-13 18:26:57,15.3.0
0e040a27-e538-4e71-8a77-61a33e5335a4,Promice Khoza,https://play-lh.googleusercontent.com/a-/ALV-UjXvU_UJErRxniCt0xWfHOq4e-iQNmEla5OAJqTJNKug,Bad even though a person qualify it's bad just a waste of time nd data,1,0,15.3.0,2024-03-13 16:03:25,"Thank you for your comment. We're sorry you didn't enjoy your experience on Tinder. Your feedback is important to us, and we appreciate you taking the time to share your thoughts.",2024-03-13 18:27:02,15.3.0
e8a31331-d361-40db-99f1-012a06968575,Andre van Heerden,https://play-lh.googleusercontent.com/a-/ALV-UjV6tB_HAq1JEet967iqDJhGtw6yYla8nNKVGVcXm_rnLsI,"Haven't accessed my account in months. Updated everything yesterday and this morning with new facepics. Then I was asked to update the app. Since then I can't access the app, asking me to verify that I'm a human 4 times and then suddenly BOOM I'm under review. What now? I see on Google that it could take from a few minutes to weeks. Really?!",2,0,15.3.0,2024-03-13 15:53:42,"Members have to be at least 18 years old to use Tinder. If you‚Äôre experiencing issues while trying to verify your age, please reach out to us at gotinder.com/help so we can help troubleshoot.",2024-03-13 16:05:23,15.3.0
4ce4ed58-2bb7-4a9c-af68-26c4f4599d4d,Kwenzakuhle Goodman,https://play-lh.googleusercontent.com/a/ACg8ocJRUabQUPzjAQB7JZ3FfEhRZpwtkBIiSAl0bk81cbnK=mo,It good,5,0,15.3.0,2024-03-13 15:44:54,,,15.3.0
9dd260c9-1863-44de-970c-02800e6b4f53,PRITAM DEY,https://play-lh.googleusercontent.com/a-/ALV-UjVJu_ET58T8xL3obtd2G65lFlEiEwR6xDK7A7U2nUok4Eu6,Subscription costs are too much for India,1,0,15.3.0,2024-03-13 15:38:14,"Sorry to hear you feel this way. Here to remind you that you can use Tinder for free, although we also offer paid Premium features for people who want to elevate their Tinder experience. Pricing for Tinder products, as well as the offerings available, may vary based on your location, date, and time of purchase.",2024-03-13 18:26:52,15.3.0
71b8c9e8-bd57-4b55-9b86-31a481c81911,Tushar Borkar,https://play-lh.googleusercontent.com/a-/ALV-UjWPekC6aYbKVVlXKHNekjjJlQQ-gmeTkC2hTZWxJL4css-H,I'm new user,5,0,15.3.0,2024-03-13 15:37:40,,,15.3.0
0a3d5085-1f50-46ab-9b50-538165497f0e,delta swift,https://play-lh.googleusercontent.com/a-/ALV-UjU-9zcgKfnflKxV5h2T7oAWG_azNpX5ymjaex0xKheLqrw,it's my life I did it my way,5,0,15.3.0,2024-03-13 15:35:57,"Thank you for your positive feedback! We're thrilled to hear that you're enjoying your experience with Tinder. If you have any questions or need assistance, please don't hesitate to reach out to us.",2024-03-13 18:26:33,15.3.0
530fe7c0-1940-48d0-b636-c65d5a633114,Mustafa Berkay Mutlu,https://play-lh.googleusercontent.com/a-/ALV-UjX4t6hXPSvRPUuytkdUITc_KsoJvrtncN0-PDEXpSwcF2wn,Provides no value whatsoever.,1,1,15.3.0,2024-03-13 15:14:29,"Thank you for your comment. We're sorry you didn't enjoy your experience on Tinder. Your feedback is important to us, and we appreciate you taking the time to share your thoughts.",2024-03-13 18:26:59,15.3.0
f3f00e81-81f8-4032-92f6-bc5b69285269,Joseph Kitipai Mpaapa,https://play-lh.googleusercontent.com/a-/ALV-UjV5IayqI75J81hKX460IbcJ1En2VcWtrZQnb83jb63kGos,great,5,0,,2024-03-13 15:05:08,,,
e5c93a22-5d62-4ded-82a3-809ad4719d32,Hercules Johnson,https://play-lh.googleusercontent.com/a-/ALV-UjX4X_-1r1MCZ3e_akX2EjvJy0iBhbfOKC9xmaYeJFCi1Q,great,5,0,15.3.0,2024-03-13 14:50:29,,,15.3.0
35c32b47-4540-4764-9d2f-a8f955b6068a,Ming Keat Sng,https://play-lh.googleusercontent.com/a-/ALV-UjW1MlRLCqVBcfzEvPYBv3Bh-aGqWEjOrBlkoQ01ZSYA0g,"[Update] There is an Appeal Centre, but I cannot even access it. Seriously, what's going on? I don't even know what I did wrong and my account just got banned. And there isn't a channel to appeal.",1,1,12.13.0,2024-03-13 14:49:14,"Sorry to hear you‚Äôre having a negative experience with Tinder. We appreciate you taking the time to reach out to us, so thank you for sharing your feedback.",2024-03-13 16:05:10,12.13.0
4bdb4d54-773b-46b8-8495-135e0db99ae3,TeleTubbie,https://play-lh.googleusercontent.com/a-/ALV-UjXctIxXQDc8PpuLMHHtROJn52jYIwItr0F36vR6Kt7JLg,"Terrible app with predatory monetisation. I doubt there's any real profiles left tbh. You get a like, you match, you send a message, you get no reply or get unmatched instantly. I even made the mistake to purchase tinder platinum once. Just don't. The app is full of fake verified profiles and its sole goal is to keep you on paying, not to find you your significant other.",1,0,15.3.0,2024-03-13 14:07:52,"Thanks for sharing your feedback. We want everyone to be their genuine self on Tinder, so it‚Äôs an enjoyable experience for all. You can report any suspicious profile by going to their profile and scrolling down to ‚ÄòReport‚Äô.",2024-03-13 14:55:57,15.3.0
0caf9664-418b-4eb8-95fb-a59f16281579,Marche Sicuya,https://play-lh.googleusercontent.com/a-/ALV-UjXdpCx4pNEw8Vbr0rRR0UqI5bDZGJYYDoeaXtfaOoVMFw,it's good and nice,5,0,15.3.0,2024-03-13 13:53:19,"Thank you for your fantastic review! We're thrilled to hear that Tinder is meeting your expectations and providing you with an excellent experience. If you have any suggestions for improvement, we'd love to hear them. Keep enjoying the app!",2024-03-13 16:05:00,15.3.0
0e0326ae-4e02-4a97-acf3-045b92084186,Rahoub Meriai,https://play-lh.googleusercontent.com/a/ACg8ocJWbxhXGV3TlRsHg4crJkpzVBH1qHMCGCJyEEgk97kk=mo,Bad,1,0,,2024-03-13 13:36:07,,,
e995509f-d604-4886-93e6-0d9d792df244,mercy nyakio,https://play-lh.googleusercontent.com/a/ACg8ocKGZYGpgZlJb8yC924peit0NaUN1ChK17sphxokC4cg=mo,Bad,1,0,15.3.0,2024-03-13 13:26:30,,,15.3.0
07b290c6-d8e3-467c-9bbe-ba11c505a118,Arshia Roy,https://play-lh.googleusercontent.com/a-/ALV-UjUcn7eKgBTPqcA9gzeuVanHlk6ZvLLLy8xS4p6RmZcvLGQ,"I didn't do anything violation, still tinder banned me !!! How the hell am going to solve this problem? Anyone?",2,0,15.3.0,2024-03-13 13:20:38,"Thank you for your comment. We're sorry you didn't enjoy your experience on Tinder. Your feedback is important to us, and we appreciate you taking the time to share your thoughts.",2024-03-13 16:05:12,15.3.0
a9c46dc4-6155-4664-b4d6-2e40482885ea,Fiel Tejero,https://play-lh.googleusercontent.com/a-/ALV-UjWpAeK85TCcabc3r0erZq7fkU5aWgNPQ-GPSm704VRLgw,ni really,5,0,15.3.0,2024-03-13 13:18:55,,,15.3.0
